Sub,task,acq,tsnr,fd_mean,outlier_acq_Custom1
sub-10108,sharedreward,mb3me4_echo-3_part-mag,19.89290028763935,0.1125931678063174,False
sub-10108,sharedreward,mb1me4_echo-1_part-mag,45.8440117361024,0.0510471398706209,False
sub-10108,sharedreward,mb3me4_echo-4_part-mag,14.129016711958684,0.1125931678063174,False
sub-10108,sharedreward,mb3me4_echo-1_part-mag,38.48855969728902,0.1125931678063174,False
sub-10108,sharedreward,mb1me4_echo-3_part-mag,22.966775929089636,0.0510471398706209,False
sub-10108,sharedreward,mb1me4_echo-4_part-mag,16.227131560444832,0.0510471398706209,False
sub-10108,sharedreward,mb6me4_echo-2_part-mag,19.42447264282964,0.0755977772165996,False
sub-10108,sharedreward,mb6me4_echo-3_part-mag,14.231181364972144,0.0755977772165996,False
sub-10108,sharedreward,mb6me4_echo-4_part-mag,10.194003337761387,0.0755977772165996,False
sub-10108,sharedreward,mb1me4_echo-2_part-mag,32.229793483391404,0.0510471398706209,False
sub-10108,sharedreward,mb6me4_echo-1_part-mag,25.898286046343856,0.0755977772165996,False
sub-10108,sharedreward,mb3me4_echo-2_part-mag,27.65280733868713,0.1125931678063174,False
sub-10154,sharedreward,mb3me4_echo-3_part-mag,19.939678674330935,0.0890857862907542,False
sub-10154,sharedreward,mb1me4_echo-1_part-mag,33.66467778082006,0.145687696388785,False
sub-10154,sharedreward,mb3me4_echo-4_part-mag,14.184764227131382,0.0890857862907542,False
sub-10154,sharedreward,mb3me4_echo-1_part-mag,38.9876754975412,0.0890857862907542,False
sub-10154,sharedreward,mb1me4_echo-3_part-mag,16.319556947099045,0.145687696388785,False
sub-10154,sharedreward,mb6me4_echo-2_part-mag,21.11688365694135,0.0767212070950079,False
sub-10154,sharedreward,mb1me4_echo-4_part-mag,11.63351191417314,0.145687696388785,False
sub-10154,sharedreward,mb6me4_echo-3_part-mag,15.41632259520702,0.0767212070950079,False
sub-10154,sharedreward,mb1me4_echo-2_part-mag,23.126169346272945,0.145687696388785,False
sub-10154,sharedreward,mb6me4_echo-4_part-mag,11.131277082720771,0.0767212070950079,False
sub-10154,sharedreward,mb6me4_echo-1_part-mag,28.578356770100072,0.0767212070950079,False
sub-10154,sharedreward,mb3me4_echo-2_part-mag,27.825051228981465,0.0890857862907542,False
sub-10085,sharedreward,mb3me4_echo-4_part-mag,10.159140558447689,0.29260768041125,False
sub-10085,sharedreward,mb1me4_echo-1_part-mag,35.03887107223272,0.246418003740331,False
sub-10085,sharedreward,mb3me4_echo-3_part-mag,14.200745543348605,0.29260768041125,False
sub-10085,sharedreward,mb1me4_echo-4_part-mag,12.37227459612768,0.246418003740331,False
sub-10085,sharedreward,mb6me4_echo-2_part-mag,14.684839864261448,0.273411304060021,False
sub-10085,sharedreward,mb1me4_echo-3_part-mag,17.424518816987984,0.246418003740331,False
sub-10085,sharedreward,mb3me4_echo-1_part-mag,28.2271420143079,0.29260768041125,False
sub-10085,sharedreward,mb6me4_echo-4_part-mag,7.959653157740831,0.273411304060021,False
sub-10085,sharedreward,mb1me4_echo-2_part-mag,24.555185297504067,0.246418003740331,False
sub-10085,sharedreward,mb6me4_echo-3_part-mag,10.928368501365185,0.273411304060021,False
sub-10085,sharedreward,mb3me4_echo-2_part-mag,19.919007079093717,0.29260768041125,False
sub-10085,sharedreward,mb6me4_echo-1_part-mag,20.024402524111792,0.273411304060021,False
sub-10166,sharedreward,mb3me4_echo-3_part-mag,13.722334471996874,0.1575076842949864,False
sub-10166,sharedreward,mb1me4_echo-1_part-mag,35.18827265058644,0.1941009575660486,False
sub-10166,sharedreward,mb3me4_echo-4_part-mag,9.597494776826352,0.1575076842949864,False
sub-10166,sharedreward,mb3me4_echo-1_part-mag,25.046236913651228,0.1575076842949864,False
sub-10166,sharedreward,mb1me4_echo-3_part-mag,17.09949451033026,0.1941009575660486,False
sub-10166,sharedreward,mb6me4_echo-2_part-mag,12.190778084099293,0.1324117472433545,False
sub-10166,sharedreward,mb1me4_echo-4_part-mag,11.768298776936716,0.1941009575660486,False
sub-10166,sharedreward,mb6me4_echo-3_part-mag,9.284246247261764,0.1324117472433545,False
sub-10166,sharedreward,mb1me4_echo-2_part-mag,24.615095264161937,0.1941009575660486,False
sub-10166,sharedreward,mb6me4_echo-4_part-mag,6.738891557906754,0.1324117472433545,False
sub-10166,sharedreward,mb6me4_echo-1_part-mag,14.311122966231778,0.1324117472433545,False
sub-10166,sharedreward,mb3me4_echo-2_part-mag,19.250036934390664,0.1575076842949864,False
sub-10188,sharedreward,mb3me4_echo-2_part-mag,25.883360744919628,0.0952303256443325,False
sub-10188,sharedreward,mb6me4_echo-1_part-mag,22.957263997755945,0.0929819684961653,False
sub-10188,sharedreward,mb6me4_echo-4_part-mag,9.244193454505876,0.0929819684961653,False
sub-10188,sharedreward,mb1me4_echo-2_part-mag,28.694878729176708,0.0939569419605255,False
sub-10188,sharedreward,mb6me4_echo-3_part-mag,12.621029564528726,0.0929819684961653,False
sub-10188,sharedreward,mb1me4_echo-4_part-mag,14.710317625082098,0.0939569419605255,False
sub-10188,sharedreward,mb6me4_echo-2_part-mag,16.835903752595186,0.0929819684961653,False
sub-10188,sharedreward,mb3me4_echo-1_part-mag,36.2643629591912,0.0952303256443325,False
sub-10188,sharedreward,mb1me4_echo-3_part-mag,20.593442937824875,0.0939569419605255,False
sub-10188,sharedreward,mb3me4_echo-4_part-mag,13.488760103937238,0.0952303256443325,False
sub-10188,sharedreward,mb3me4_echo-3_part-mag,18.73931732866913,0.0952303256443325,False
sub-10188,sharedreward,mb1me4_echo-1_part-mag,40.84021851234138,0.0939569419605255,False
sub-10318,sharedreward,mb6me4_echo-4_part-mag,7.850119774695486,0.068220848356488,False
sub-10318,sharedreward,mb1me4_echo-2_part-mag,28.789589918218553,0.0776785162382578,False
sub-10318,sharedreward,mb6me4_echo-3_part-mag,10.335092258785153,0.068220848356488,False
sub-10318,sharedreward,mb3me4_echo-2_part-mag,21.78911820607027,0.0909391011442938,False
sub-10318,sharedreward,mb6me4_echo-1_part-mag,15.906403168453837,0.068220848356488,False
sub-10318,sharedreward,mb3me4_echo-4_part-mag,11.713413160759956,0.0909391011442938,False
sub-10318,sharedreward,mb1me4_echo-1_part-mag,40.34446566214319,0.0776785162382578,False
sub-10318,sharedreward,mb3me4_echo-3_part-mag,16.182062817038968,0.0909391011442938,False
sub-10318,sharedreward,mb1me4_echo-4_part-mag,14.324451402993873,0.0776785162382578,False
sub-10318,sharedreward,mb6me4_echo-2_part-mag,13.254611407290213,0.068220848356488,False
sub-10318,sharedreward,mb1me4_echo-3_part-mag,20.469524915562943,0.0776785162382578,False
sub-10318,sharedreward,mb3me4_echo-1_part-mag,27.165134244132787,0.0909391011442938,False
sub-10652,sharedreward,mb3me4_echo-2_part-mag,18.479117467766628,0.2823507513467843,False
sub-10652,sharedreward,mb6me4_echo-1_part-mag,12.585957111092284,0.198686600490322,False
sub-10652,sharedreward,mb1me4_echo-2_part-mag,28.378316899063066,0.1410594332215776,False
sub-10652,sharedreward,mb6me4_echo-4_part-mag,6.5070573799312115,0.198686600490322,False
sub-10652,sharedreward,mb6me4_echo-3_part-mag,8.845238945796154,0.198686600490322,False
sub-10652,sharedreward,mb6me4_echo-2_part-mag,11.492258879356086,0.198686600490322,False
sub-10652,sharedreward,mb1me4_echo-4_part-mag,13.714258897816762,0.1410594332215776,False
sub-10652,sharedreward,mb3me4_echo-1_part-mag,24.087966343853623,0.2823507513467843,False
sub-10652,sharedreward,mb1me4_echo-3_part-mag,19.861322712153196,0.1410594332215776,False
sub-10652,sharedreward,mb3me4_echo-4_part-mag,9.392527590331156,0.2823507513467843,False
sub-10652,sharedreward,mb3me4_echo-3_part-mag,13.342256818374151,0.2823507513467843,False
sub-10652,sharedreward,mb1me4_echo-1_part-mag,40.135457706288435,0.1410594332215776,False
sub-10320,sharedreward,mb6me4_echo-3_part-mag,11.045069766696544,0.1149458203716953,False
sub-10320,sharedreward,mb6me4_echo-4_part-mag,8.387788080668543,0.1149458203716953,False
sub-10320,sharedreward,mb1me4_echo-2_part-mag,26.55042922217399,0.0757532458647312,False
sub-10320,sharedreward,mb6me4_echo-1_part-mag,15.136761909350753,0.1149458203716953,False
sub-10320,sharedreward,mb3me4_echo-2_part-mag,23.52562740072608,0.0957927981535823,False
sub-10320,sharedreward,mb3me4_echo-3_part-mag,17.591366388835013,0.0957927981535823,False
sub-10320,sharedreward,mb1me4_echo-1_part-mag,37.782395711983554,0.0757532458647312,False
sub-10320,sharedreward,mb3me4_echo-4_part-mag,12.6419264129363,0.0957927981535823,False
sub-10320,sharedreward,mb3me4_echo-1_part-mag,29.70843666605651,0.0957927981535823,False
sub-10320,sharedreward,mb1me4_echo-3_part-mag,18.76589199982118,0.0757532458647312,False
sub-10320,sharedreward,mb1me4_echo-4_part-mag,13.179271534550937,0.0757532458647312,False
sub-10320,sharedreward,mb6me4_echo-2_part-mag,14.05145752360113,0.1149458203716953,False
sub-10438,sharedreward,mb3me4_echo-2_part-mag,16.646390432026237,0.2778547835040368,False
sub-10438,sharedreward,mb6me4_echo-1_part-mag,10.746597999881487,0.3059430576086734,False
sub-10438,sharedreward,mb1me4_echo-2_part-mag,22.11059360206127,0.1525156301761489,False
sub-10438,sharedreward,mb6me4_echo-4_part-mag,4.880151033110451,0.3059430576086734,False
sub-10438,sharedreward,mb6me4_echo-3_part-mag,6.592280710552586,0.3059430576086734,False
sub-10438,sharedreward,mb6me4_echo-2_part-mag,8.668466969451401,0.3059430576086734,False
sub-10438,sharedreward,mb1me4_echo-4_part-mag,10.547597427852452,0.1525156301761489,False
sub-10438,sharedreward,mb1me4_echo-3_part-mag,15.368606203002855,0.1525156301761489,False
sub-10438,sharedreward,mb3me4_echo-1_part-mag,20.829055779380724,0.2778547835040368,False
sub-10438,sharedreward,mb3me4_echo-4_part-mag,8.600644170306623,0.2778547835040368,False
sub-10438,sharedreward,mb1me4_echo-1_part-mag,31.899191837292165,0.1525156301761489,False
sub-10438,sharedreward,mb3me4_echo-3_part-mag,12.157807262265123,0.2778547835040368,False
sub-10137,sharedreward,mb6me4_echo-3_part-mag,16.288336652563885,0.1429759705631496,False
sub-10137,sharedreward,mb1me4_echo-2_part-mag,32.475108766928315,0.0544556639665162,False
sub-10137,sharedreward,mb6me4_echo-4_part-mag,11.701749193889556,0.1429759705631496,False
sub-10137,sharedreward,mb6me4_echo-1_part-mag,28.671953736338764,0.1429759705631496,False
sub-10137,sharedreward,mb3me4_echo-2_part-mag,28.323844453552734,0.0998188980421691,False
sub-10137,sharedreward,mb3me4_echo-3_part-mag,20.343557834043168,0.0998188980421691,False
sub-10137,sharedreward,mb1me4_echo-1_part-mag,46.462247647345066,0.0544556639665162,False
sub-10137,sharedreward,mb3me4_echo-4_part-mag,14.458138703601437,0.0998188980421691,False
sub-10137,sharedreward,mb3me4_echo-1_part-mag,39.56030535744503,0.0998188980421691,False
sub-10137,sharedreward,mb1me4_echo-3_part-mag,22.85771149676293,0.0544556639665162,False
sub-10137,sharedreward,mb6me4_echo-2_part-mag,21.79155321646249,0.1429759705631496,False
sub-10137,sharedreward,mb1me4_echo-4_part-mag,15.892656806856394,0.0544556639665162,False
sub-10043,sharedreward,mb6me4_echo-4_part-mag,11.248960367986,0.0959480745337245,False
sub-10043,sharedreward,mb1me4_echo-2_part-mag,32.96231392445043,0.0834429229632915,False
sub-10043,sharedreward,mb6me4_echo-3_part-mag,15.509299945493694,0.0959480745337245,False
sub-10043,sharedreward,mb3me4_echo-2_part-mag,27.01465256139636,0.1067638098905768,False
sub-10043,sharedreward,mb6me4_echo-1_part-mag,27.73416070640087,0.0959480745337245,False
sub-10043,sharedreward,mb3me4_echo-4_part-mag,14.026099604263436,0.1067638098905768,False
sub-10043,sharedreward,mb3me4_echo-3_part-mag,19.569426676025618,0.1067638098905768,False
sub-10043,sharedreward,mb1me4_echo-1_part-mag,46.3538920879364,0.0834429229632915,False
sub-10043,sharedreward,mb1me4_echo-4_part-mag,16.897699042223394,0.0834429229632915,False
sub-10043,sharedreward,mb6me4_echo-2_part-mag,20.81437490088865,0.0959480745337245,False
sub-10043,sharedreward,mb3me4_echo-1_part-mag,37.590825154678896,0.1067638098905768,False
sub-10043,sharedreward,mb1me4_echo-3_part-mag,23.581748003605753,0.0834429229632915,False
sub-10198,sharedreward,mb1me4_echo-2_part-mag,27.112535880878568,0.1287987216032483,False
sub-10198,sharedreward,mb6me4_echo-4_part-mag,7.251271127141081,0.1407764554087069,False
sub-10198,sharedreward,mb6me4_echo-3_part-mag,9.622243339545092,0.1407764554087069,False
sub-10198,sharedreward,mb3me4_echo-2_part-mag,22.58377194404602,0.1207670907632526,False
sub-10198,sharedreward,mb6me4_echo-1_part-mag,14.812547139765227,0.1407764554087069,False
sub-10198,sharedreward,mb3me4_echo-4_part-mag,12.573560610297136,0.1207670907632526,False
sub-10198,sharedreward,mb3me4_echo-3_part-mag,16.99036978231743,0.1207670907632526,False
sub-10198,sharedreward,mb1me4_echo-1_part-mag,37.81774909037631,0.1287987216032483,False
sub-10198,sharedreward,mb6me4_echo-2_part-mag,12.26336003630422,0.1407764554087069,False
sub-10198,sharedreward,mb1me4_echo-4_part-mag,14.076207507401705,0.1287987216032483,False
sub-10198,sharedreward,mb3me4_echo-1_part-mag,28.01637420442421,0.1207670907632526,False
sub-10198,sharedreward,mb1me4_echo-3_part-mag,19.552967600058764,0.1287987216032483,False
sub-10186,sharedreward,mb1me4_echo-2_part-mag,34.28049653535709,0.0850170545005366,False
sub-10186,sharedreward,mb6me4_echo-4_part-mag,10.28138105617836,0.1228206265117926,False
sub-10186,sharedreward,mb6me4_echo-3_part-mag,14.516403870773502,0.1228206265117926,False
sub-10186,sharedreward,mb3me4_echo-2_part-mag,26.48942822299432,0.12373271559998,False
sub-10186,sharedreward,mb6me4_echo-1_part-mag,25.633167038555257,0.1228206265117926,False
sub-10186,sharedreward,mb3me4_echo-4_part-mag,13.080403546104208,0.12373271559998,False
sub-10186,sharedreward,mb1me4_echo-1_part-mag,48.89448632253334,0.0850170545005366,False
sub-10186,sharedreward,mb3me4_echo-3_part-mag,18.789250921690837,0.12373271559998,False
sub-10186,sharedreward,mb6me4_echo-2_part-mag,19.732769639929757,0.1228206265117926,False
sub-10186,sharedreward,mb1me4_echo-4_part-mag,16.686844060663134,0.0850170545005366,False
sub-10186,sharedreward,mb1me4_echo-3_part-mag,24.16168586513959,0.0850170545005366,False
sub-10186,sharedreward,mb3me4_echo-1_part-mag,37.57591733336449,0.12373271559998,False
sub-10422,sharedreward,mb6me4_echo-2_part-mag,13.237972153816372,0.1280772352241975,False
sub-10422,sharedreward,mb1me4_echo-4_part-mag,11.427805116400124,0.1959145105711236,False
sub-10422,sharedreward,mb1me4_echo-3_part-mag,16.21016138466075,0.1959145105711236,False
sub-10422,sharedreward,mb3me4_echo-1_part-mag,26.484063416719437,0.1706090373092069,False
sub-10422,sharedreward,mb3me4_echo-4_part-mag,11.645359384361656,0.1706090373092069,False
sub-10422,sharedreward,mb1me4_echo-1_part-mag,32.226043183822185,0.1959145105711236,False
sub-10422,sharedreward,mb3me4_echo-3_part-mag,16.046578794834204,0.1706090373092069,False
sub-10422,sharedreward,mb3me4_echo-2_part-mag,21.34551050607115,0.1706090373092069,False
sub-10422,sharedreward,mb6me4_echo-1_part-mag,15.091419764969032,0.1280772352241975,False
sub-10422,sharedreward,mb1me4_echo-2_part-mag,22.89440054766601,0.1959145105711236,False
sub-10422,sharedreward,mb6me4_echo-4_part-mag,8.15071104269009,0.1280772352241975,False
sub-10422,sharedreward,mb6me4_echo-3_part-mag,10.909865031193476,0.1280772352241975,False
sub-10296,sharedreward,mb3me4_echo-1_part-mag,23.657044067396782,0.0732641578494845,False
sub-10296,sharedreward,mb1me4_echo-3_part-mag,17.64634662354365,0.0974095819686846,False
sub-10296,sharedreward,mb6me4_echo-2_part-mag,8.753821930848062,0.1574470269085456,False
sub-10296,sharedreward,mb1me4_echo-4_part-mag,12.2664853814058,0.0974095819686846,False
sub-10296,sharedreward,mb3me4_echo-3_part-mag,14.2254883274436,0.0732641578494845,False
sub-10296,sharedreward,mb1me4_echo-1_part-mag,35.49663710128516,0.0974095819686846,False
sub-10296,sharedreward,mb3me4_echo-4_part-mag,10.140473582781851,0.0732641578494845,False
sub-10296,sharedreward,mb6me4_echo-1_part-mag,10.358277033577906,0.1574470269085456,False
sub-10296,sharedreward,mb3me4_echo-2_part-mag,19.25112541619455,0.0732641578494845,False
sub-10296,sharedreward,mb6me4_echo-3_part-mag,6.69296339165885,0.1574470269085456,False
sub-10296,sharedreward,mb1me4_echo-2_part-mag,24.992753722472116,0.0974095819686846,False
sub-10296,sharedreward,mb6me4_echo-4_part-mag,4.988296647090465,0.1574470269085456,False
sub-10391,sharedreward,mb6me4_echo-1_part-mag,15.289767453621607,0.0889746197314639,False
sub-10391,sharedreward,mb3me4_echo-2_part-mag,20.702032575383782,0.1397179472614103,False
sub-10391,sharedreward,mb6me4_echo-3_part-mag,10.045852308103347,0.0889746197314639,False
sub-10391,sharedreward,mb6me4_echo-4_part-mag,7.379937230318319,0.0889746197314639,False
sub-10391,sharedreward,mb1me4_echo-2_part-mag,24.401414243038744,0.1015445825467664,False
sub-10391,sharedreward,mb3me4_echo-1_part-mag,26.65701939514838,0.1397179472614103,False
sub-10391,sharedreward,mb1me4_echo-3_part-mag,16.862296364619397,0.1015445825467664,False
sub-10391,sharedreward,mb1me4_echo-4_part-mag,11.554686478571966,0.1015445825467664,False
sub-10391,sharedreward,mb6me4_echo-2_part-mag,13.374559826916084,0.0889746197314639,False
sub-10391,sharedreward,mb3me4_echo-3_part-mag,14.970201296499,0.1397179472614103,False
sub-10391,sharedreward,mb1me4_echo-1_part-mag,35.47220866382122,0.1015445825467664,False
sub-10391,sharedreward,mb3me4_echo-4_part-mag,10.490930668194778,0.1397179472614103,False
sub-10738,sharedreward,mb1me4_echo-2_part-mag,18.662515468429778,0.3260830016869837,False
sub-10738,sharedreward,mb1me4_echo-4_part-mag,8.852789187803864,0.3260830016869837,False
sub-10738,sharedreward,mb1me4_echo-3_part-mag,12.877256859559566,0.3260830016869837,False
sub-10738,sharedreward,mb1me4_echo-1_part-mag,27.18260523001663,0.3260830016869837,False
sub-10074,sharedreward,mb1me4_echo-4_part-mag,15.511636699084193,0.0681478586406567,False
sub-10074,sharedreward,mb6me4_echo-2_part-mag,20.74003353843,0.0887393556521811,False
sub-10074,sharedreward,mb3me4_echo-1_part-mag,38.182495860848576,0.1275925129654297,False
sub-10074,sharedreward,mb1me4_echo-3_part-mag,21.984114511869848,0.0681478586406567,False
sub-10074,sharedreward,mb3me4_echo-4_part-mag,13.815308859804643,0.1275925129654297,False
sub-10074,sharedreward,mb3me4_echo-3_part-mag,19.461289977654815,0.1275925129654297,False
sub-10074,sharedreward,mb1me4_echo-1_part-mag,44.34738557576202,0.0681478586406567,False
sub-10074,sharedreward,mb3me4_echo-2_part-mag,27.171726746018976,0.1275925129654297,False
sub-10074,sharedreward,mb6me4_echo-1_part-mag,27.830091910320338,0.0887393556521811,False
sub-10074,sharedreward,mb6me4_echo-4_part-mag,10.980182023253292,0.0887393556521811,False
sub-10074,sharedreward,mb1me4_echo-2_part-mag,31.059219502843916,0.0681478586406567,False
sub-10074,sharedreward,mb6me4_echo-3_part-mag,15.257676597917452,0.0887393556521811,False
sub-10136,sharedreward,mb1me4_echo-2_part-mag,25.40110819239635,0.269363230065085,False
sub-10136,sharedreward,mb6me4_echo-4_part-mag,12.055667810258456,0.1323467991390886,False
sub-10136,sharedreward,mb6me4_echo-3_part-mag,16.702719904482365,0.1323467991390886,False
sub-10136,sharedreward,mb3me4_echo-2_part-mag,25.14602207276039,0.2842786247995069,False
sub-10136,sharedreward,mb6me4_echo-1_part-mag,29.33771481597796,0.1323467991390886,False
sub-10136,sharedreward,mb3me4_echo-4_part-mag,12.93297206866555,0.2842786247995069,False
sub-10136,sharedreward,mb1me4_echo-1_part-mag,36.28086769161746,0.269363230065085,False
sub-10136,sharedreward,mb3me4_echo-3_part-mag,18.20176091743633,0.2842786247995069,False
sub-10136,sharedreward,mb6me4_echo-2_part-mag,22.67541550390888,0.1323467991390886,False
sub-10136,sharedreward,mb1me4_echo-4_part-mag,12.687997541506776,0.269363230065085,False
sub-10136,sharedreward,mb1me4_echo-3_part-mag,18.005318896844983,0.269363230065085,False
sub-10136,sharedreward,mb3me4_echo-1_part-mag,34.61918746703304,0.2842786247995069,False
sub-10046,sharedreward,mb3me4_echo-2_part-mag,23.679733940633017,0.2412856993532214,False
sub-10046,sharedreward,mb3me4_echo-4_part-mag,12.27106380276382,0.2412856993532214,False
sub-10046,sharedreward,mb3me4_echo-3_part-mag,17.05754708359018,0.2412856993532214,False
sub-10046,sharedreward,mb3me4_echo-1_part-mag,33.31031327135861,0.2412856993532214,False
sub-10319,sharedreward,mb1me4_echo-1_part-mag,37.672581303399056,0.1436415744639212,False
sub-10319,sharedreward,mb3me4_echo-3_part-mag,16.74878479912877,0.1986446473885226,False
sub-10319,sharedreward,mb3me4_echo-4_part-mag,12.293954804772511,0.1986446473885226,False
sub-10319,sharedreward,mb1me4_echo-3_part-mag,19.254521963652223,0.1436415744639212,False
sub-10319,sharedreward,mb3me4_echo-1_part-mag,27.917750537395477,0.1986446473885226,False
sub-10319,sharedreward,mb1me4_echo-4_part-mag,13.816399120725691,0.1436415744639212,False
sub-10319,sharedreward,mb6me4_echo-2_part-mag,11.839985284139402,0.1532420254345275,False
sub-10319,sharedreward,mb6me4_echo-3_part-mag,9.301957672694698,0.1532420254345275,False
sub-10319,sharedreward,mb6me4_echo-4_part-mag,6.915248792502098,0.1532420254345275,False
sub-10319,sharedreward,mb1me4_echo-2_part-mag,26.851800643256865,0.1436415744639212,False
sub-10319,sharedreward,mb6me4_echo-1_part-mag,14.265752092498587,0.1532420254345275,False
sub-10319,sharedreward,mb3me4_echo-2_part-mag,22.423929163487628,0.1986446473885226,False
sub-10028,sharedreward,mb3me4_echo-2_part-mag,29.33024792128708,0.0826971531324464,False
sub-10028,sharedreward,mb6me4_echo-1_part-mag,25.217408202239312,0.1171840102608403,False
sub-10028,sharedreward,mb6me4_echo-4_part-mag,10.275401541381145,0.1171840102608403,False
sub-10028,sharedreward,mb1me4_echo-2_part-mag,33.87075288721826,0.0438170540703335,False
sub-10028,sharedreward,mb6me4_echo-3_part-mag,14.222950866329484,0.1171840102608403,False
sub-10028,sharedreward,mb1me4_echo-4_part-mag,16.985488263890147,0.0438170540703335,False
sub-10028,sharedreward,mb6me4_echo-2_part-mag,19.185260935220867,0.1171840102608403,False
sub-10028,sharedreward,mb3me4_echo-1_part-mag,39.915344126173295,0.0826971531324464,False
sub-10028,sharedreward,mb1me4_echo-3_part-mag,24.133692749310285,0.0438170540703335,False
sub-10028,sharedreward,mb3me4_echo-4_part-mag,14.989475656766444,0.0826971531324464,False
sub-10028,sharedreward,mb3me4_echo-3_part-mag,21.156484363717027,0.0826971531324464,False
sub-10028,sharedreward,mb1me4_echo-1_part-mag,47.63905514450744,0.0438170540703335,False
sub-10125,sharedreward,mb1me4_echo-1_part-mag,39.50069585815072,0.1328543610045844,False
sub-10125,sharedreward,mb3me4_echo-3_part-mag,18.43540555366781,0.1711319694338648,False
sub-10125,sharedreward,mb3me4_echo-4_part-mag,12.899356681737116,0.1711319694338648,False
sub-10125,sharedreward,mb1me4_echo-3_part-mag,18.891231286223046,0.1328543610045844,False
sub-10125,sharedreward,mb3me4_echo-1_part-mag,37.27979439403862,0.1711319694338648,False
sub-10125,sharedreward,mb1me4_echo-4_part-mag,13.11524429707788,0.1328543610045844,False
sub-10125,sharedreward,mb6me4_echo-2_part-mag,19.192553845234215,0.1268300501040871,False
sub-10125,sharedreward,mb6me4_echo-3_part-mag,14.019643695792183,0.1268300501040871,False
sub-10125,sharedreward,mb6me4_echo-4_part-mag,9.945623010629788,0.1268300501040871,False
sub-10125,sharedreward,mb1me4_echo-2_part-mag,27.178605312947184,0.1328543610045844,False
sub-10125,sharedreward,mb6me4_echo-1_part-mag,26.382042246637862,0.1268300501040871,False
sub-10125,sharedreward,mb3me4_echo-2_part-mag,26.059402017504908,0.1711319694338648,False
sub-10716,sharedreward,mb3me4_echo-2_part-mag,12.896133158938028,0.5790431357961219,True
sub-10716,sharedreward,mb1me4_echo-2_part-mag,17.466376251541078,0.6124688786603287,True
sub-10716,sharedreward,mb1me4_echo-4_part-mag,8.709340908098966,0.6124688786603287,True
sub-10716,sharedreward,mb1me4_echo-3_part-mag,12.300608984543942,0.6124688786603287,True
sub-10716,sharedreward,mb3me4_echo-1_part-mag,17.59764099784661,0.5790431357961219,True
sub-10716,sharedreward,mb3me4_echo-4_part-mag,6.740344485879177,0.5790431357961219,True
sub-10716,sharedreward,mb1me4_echo-1_part-mag,25.363362156203948,0.6124688786603287,True
sub-10716,sharedreward,mb3me4_echo-3_part-mag,9.369847336784003,0.5790431357961219,True
sub-10363,sharedreward,mb1me4_echo-3_part-mag,18.76212856185157,0.081870456497166,False
sub-10363,sharedreward,mb3me4_echo-1_part-mag,27.65234150364995,0.1275421488970109,False
sub-10363,sharedreward,mb1me4_echo-4_part-mag,13.211210377514362,0.081870456497166,False
sub-10363,sharedreward,mb6me4_echo-2_part-mag,12.658403796027416,0.0895951045898306,False
sub-10363,sharedreward,mb1me4_echo-1_part-mag,37.37125834857579,0.081870456497166,False
sub-10363,sharedreward,mb3me4_echo-3_part-mag,15.847570318146609,0.1275421488970109,False
sub-10363,sharedreward,mb3me4_echo-4_part-mag,11.46917819045484,0.1275421488970109,False
sub-10363,sharedreward,mb6me4_echo-1_part-mag,15.960100811207669,0.0895951045898306,False
sub-10363,sharedreward,mb3me4_echo-2_part-mag,21.465961012756452,0.1275421488970109,False
sub-10363,sharedreward,mb6me4_echo-3_part-mag,9.724177807220258,0.0895951045898306,False
sub-10363,sharedreward,mb6me4_echo-4_part-mag,7.420756762992824,0.0895951045898306,False
sub-10363,sharedreward,mb1me4_echo-2_part-mag,26.418367384001613,0.081870456497166,False
sub-10017,sharedreward,mb6me4_echo-4_part-mag,12.236796670476906,0.0873716983125165,False
sub-10017,sharedreward,mb1me4_echo-2_part-mag,35.33985380886588,0.0658085916614474,False
sub-10017,sharedreward,mb6me4_echo-3_part-mag,16.857762882485986,0.0873716983125165,False
sub-10017,sharedreward,mb3me4_echo-2_part-mag,29.47615884040715,0.0939679765632274,False
sub-10017,sharedreward,mb6me4_echo-1_part-mag,30.044213798828423,0.0873716983125165,False
sub-10017,sharedreward,mb3me4_echo-4_part-mag,15.163102196180262,0.0939679765632274,False
sub-10017,sharedreward,mb3me4_echo-3_part-mag,21.25058695790358,0.0939679765632274,False
sub-10017,sharedreward,mb1me4_echo-1_part-mag,49.96265151305124,0.0658085916614474,False
sub-10017,sharedreward,mb1me4_echo-4_part-mag,17.87683814764023,0.0658085916614474,False
sub-10017,sharedreward,mb6me4_echo-2_part-mag,22.703799209091812,0.0873716983125165,False
sub-10017,sharedreward,mb3me4_echo-1_part-mag,41.06191872758791,0.0939679765632274,False
sub-10017,sharedreward,mb1me4_echo-3_part-mag,25.255686583463103,0.0658085916614474,False
sub-12042,sharedreward,mb6me4_echo-1_part-mag,17.891718032187782,0.1002397292395644,False
sub-12042,sharedreward,mb3me4_echo-2_part-mag,24.221447529271245,0.1035840409274383,False
sub-12042,sharedreward,mb6me4_echo-3_part-mag,12.251593251829036,0.1002397292395644,False
sub-12042,sharedreward,mb1me4_echo-2_part-mag,30.132785769877955,0.0910520466963916,False
sub-12042,sharedreward,mb6me4_echo-4_part-mag,9.394423188641667,0.1002397292395644,False
sub-12042,sharedreward,mb1me4_echo-3_part-mag,21.62726583145559,0.0910520466963916,False
sub-12042,sharedreward,mb3me4_echo-1_part-mag,30.680499079520818,0.1035840409274383,False
sub-12042,sharedreward,mb6me4_echo-2_part-mag,15.472359123639762,0.1002397292395644,False
sub-12042,sharedreward,mb1me4_echo-4_part-mag,15.385957605903968,0.0910520466963916,False
sub-12042,sharedreward,mb1me4_echo-1_part-mag,42.164735682308674,0.0910520466963916,False
sub-12042,sharedreward,mb3me4_echo-3_part-mag,18.156054078717716,0.1035840409274383,False
sub-12042,sharedreward,mb3me4_echo-4_part-mag,13.25120812980458,0.1035840409274383,False
sub-10142,sharedreward,mb6me4_echo-4_part-mag,9.339384724735282,0.1028760807787112,False
sub-10142,sharedreward,mb1me4_echo-2_part-mag,29.539011131040752,0.1158248800383965,False
sub-10142,sharedreward,mb6me4_echo-3_part-mag,13.237159072305076,0.1028760807787112,False
sub-10142,sharedreward,mb3me4_echo-2_part-mag,27.304150976473466,0.1206845863576536,False
sub-10142,sharedreward,mb6me4_echo-1_part-mag,24.33212678192649,0.1028760807787112,False
sub-10142,sharedreward,mb3me4_echo-4_part-mag,13.525449655600823,0.1206845863576536,False
sub-10142,sharedreward,mb3me4_echo-3_part-mag,19.40233851957601,0.1206845863576536,False
sub-10142,sharedreward,mb1me4_echo-1_part-mag,42.43266295967624,0.1158248800383965,False
sub-10142,sharedreward,mb1me4_echo-4_part-mag,14.425062988651916,0.1158248800383965,False
sub-10142,sharedreward,mb6me4_echo-2_part-mag,18.161235365085304,0.1028760807787112,False
sub-10142,sharedreward,mb3me4_echo-1_part-mag,38.333017543307506,0.1206845863576536,False
sub-10142,sharedreward,mb1me4_echo-3_part-mag,20.69270018627867,0.1158248800383965,False
sub-10080,sharedreward,mb1me4_echo-4_part-mag,11.14368055597879,0.0911830881069275,False
sub-10080,sharedreward,mb6me4_echo-2_part-mag,14.822419818257911,0.1904282731586253,False
sub-10080,sharedreward,mb3me4_echo-1_part-mag,26.37100873561576,0.1470285045198627,False
sub-10080,sharedreward,mb1me4_echo-3_part-mag,15.9183835668955,0.0911830881069275,False
sub-10080,sharedreward,mb3me4_echo-4_part-mag,9.700225277105346,0.1470285045198627,False
sub-10080,sharedreward,mb3me4_echo-3_part-mag,13.673543868935669,0.1470285045198627,False
sub-10080,sharedreward,mb1me4_echo-1_part-mag,32.596702130977064,0.0911830881069275,False
sub-10080,sharedreward,mb3me4_echo-2_part-mag,18.975822592154145,0.1470285045198627,False
sub-10080,sharedreward,mb6me4_echo-1_part-mag,20.254436302231625,0.1904282731586253,False
sub-10080,sharedreward,mb6me4_echo-4_part-mag,7.751669155550189,0.1904282731586253,False
sub-10080,sharedreward,mb1me4_echo-2_part-mag,22.59894446283579,0.0911830881069275,False
sub-10080,sharedreward,mb6me4_echo-3_part-mag,10.8223473073449,0.1904282731586253,False
sub-10069,sharedreward,mb3me4_echo-4_part-mag,10.533007262274625,0.2476172826090157,False
sub-10069,sharedreward,mb3me4_echo-3_part-mag,14.675586819066666,0.2476172826090157,False
sub-10069,sharedreward,mb1me4_echo-1_part-mag,39.841607021400705,0.360220739363674,False
sub-10069,sharedreward,mb6me4_echo-2_part-mag,20.068836353952065,0.1585419230463238,False
sub-10069,sharedreward,mb1me4_echo-4_part-mag,14.351200396195054,0.360220739363674,False
sub-10069,sharedreward,mb3me4_echo-1_part-mag,29.002239728579298,0.2476172826090157,False
sub-10069,sharedreward,mb1me4_echo-3_part-mag,20.106314187287353,0.360220739363674,False
sub-10069,sharedreward,mb1me4_echo-2_part-mag,28.090782891958952,0.360220739363674,False
sub-10069,sharedreward,mb6me4_echo-4_part-mag,10.487888039730024,0.1585419230463238,False
sub-10069,sharedreward,mb6me4_echo-3_part-mag,14.7347094041761,0.1585419230463238,False
sub-10069,sharedreward,mb3me4_echo-2_part-mag,20.555990072898567,0.2476172826090157,False
sub-10069,sharedreward,mb6me4_echo-1_part-mag,27.01324126473628,0.1585419230463238,False
sub-10094,sharedreward,mb6me4_echo-1_part-mag,22.159885958069935,0.4202637758209726,True
sub-10094,sharedreward,mb3me4_echo-2_part-mag,18.11315208231099,0.459042112506467,True
sub-10094,sharedreward,mb6me4_echo-3_part-mag,11.610157730989158,0.4202637758209726,True
sub-10094,sharedreward,mb1me4_echo-2_part-mag,23.251216135919098,0.337234441140893,False
sub-10094,sharedreward,mb6me4_echo-4_part-mag,8.082913070451468,0.4202637758209726,True
sub-10094,sharedreward,mb3me4_echo-1_part-mag,26.197802564129233,0.459042112506467,True
sub-10094,sharedreward,mb1me4_echo-3_part-mag,16.031650224351324,0.337234441140893,False
sub-10094,sharedreward,mb6me4_echo-2_part-mag,16.32405547250528,0.4202637758209726,True
sub-10094,sharedreward,mb1me4_echo-4_part-mag,11.057608774513938,0.337234441140893,False
sub-10094,sharedreward,mb3me4_echo-3_part-mag,12.58425218251068,0.459042112506467,True
sub-10094,sharedreward,mb1me4_echo-1_part-mag,34.20959069975652,0.337234441140893,False
sub-10094,sharedreward,mb3me4_echo-4_part-mag,8.747739115089644,0.459042112506467,True
sub-10203,sharedreward,mb1me4_echo-3_part-mag,19.02485093101859,0.0806928071608463,False
sub-10203,sharedreward,mb3me4_echo-1_part-mag,28.172829116578217,0.0806789106237597,False
sub-10203,sharedreward,mb6me4_echo-2_part-mag,12.691274696728216,0.0844726975905727,False
sub-10203,sharedreward,mb1me4_echo-4_part-mag,13.132870497414842,0.0806928071608463,False
sub-10203,sharedreward,mb1me4_echo-1_part-mag,38.21555633691605,0.0806928071608463,False
sub-10203,sharedreward,mb3me4_echo-3_part-mag,17.03870773036033,0.0806789106237597,False
sub-10203,sharedreward,mb3me4_echo-4_part-mag,12.10279852815438,0.0806789106237597,False
sub-10203,sharedreward,mb6me4_echo-1_part-mag,14.435427443124354,0.0844726975905727,False
sub-10203,sharedreward,mb3me4_echo-2_part-mag,22.685960988746956,0.0806789106237597,False
sub-10203,sharedreward,mb6me4_echo-3_part-mag,10.104685701371636,0.0844726975905727,False
sub-10203,sharedreward,mb1me4_echo-2_part-mag,27.0191919230856,0.0806928071608463,False
sub-10203,sharedreward,mb6me4_echo-4_part-mag,7.494849054783117,0.0844726975905727,False
