Sub	task	acq	tsnr	fd_mean	outlier_acq_Custom1
sub-10691sp	sharedreward	mb3me1fa50	29.567766502092127	0.22532387038911653	False
sub-10691sp	sharedreward	mb3me3ip0_echo-1_part-mag	39.9817733252421	0.2621309022742812	False
sub-10691sp	sharedreward	mb2me4_echo-3_part-mag	19.15553182712756	0.12471093880094036	False
sub-10691sp	sharedreward	mb3me4_echo-4_part-mag	5.3089758203714155	0.23027675529781136	False
sub-10691sp	sharedreward	mb3me4fa50_echo-1_part-mag	48.05859298631549	0.15069284695732404	False
sub-10691sp	sharedreward	mb2me4_echo-4_part-mag	12.367233162513003	0.12471093880094036	False
sub-10691sp	sharedreward	mb3me4_echo-3_part-mag	8.015969388186932	0.23027675529781136	False
sub-10691sp	sharedreward	mb3me3ip0_echo-3_part-mag	7.360334922093898	0.2621309022742812	False
sub-10691sp	sharedreward	mb3me4fa50_echo-4_part-mag	16.311382198240608	0.15069284695732404	False
sub-10691sp	sharedreward	mb2me4_echo-1_part-mag	47.29491444770247	0.12471093880094036	False
sub-10691sp	sharedreward	mb3me4fa50_echo-3_part-mag	24.463621857576072	0.15069284695732404	False
sub-10691sp	sharedreward	mb3me4_echo-1_part-mag	17.87356348335743	0.23027675529781136	False
sub-10691sp	sharedreward	mb3me3_echo-2_part-mag	24.95157638657838	0.2203547464080488	False
sub-10691sp	sharedreward	mb3me4fa50_echo-2_part-mag	36.048353837337345	0.15069284695732404	False
sub-10691sp	sharedreward	mb3me3_echo-3_part-mag	15.975863868952729	0.2203547464080488	False
sub-10691sp	sharedreward	mb3me3ip0_echo-2_part-mag	16.321264758706093	0.2621309022742812	False
sub-10691sp	sharedreward	mb3me3_echo-1_part-mag	36.98466106876731	0.2203547464080488	False
sub-10691sp	sharedreward	mb3me4_echo-2_part-mag	12.381020620465279	0.23027675529781136	False
sub-10691sp	sharedreward	mb2me4_echo-2_part-mag	30.71316281799227	0.12471093880094036	False
sub-10108	sharedreward	mb3me4_echo-3_part-mag	19.89290028763935	0.11259316780631741	False
sub-10108	sharedreward	mb1me4_echo-1_part-mag	45.8440117361024	0.05104713987062099	False
sub-10108	sharedreward	mb3me4_echo-4_part-mag	14.129016711958684	0.11259316780631741	False
sub-10108	sharedreward	mb3me4_echo-1_part-mag	38.48855969728902	0.11259316780631741	False
sub-10108	sharedreward	mb1me4_echo-3_part-mag	22.966775929089636	0.05104713987062099	False
sub-10108	sharedreward	mb1me4_echo-4_part-mag	16.227131560444832	0.05104713987062099	False
sub-10108	sharedreward	mb6me4_echo-2_part-mag	19.42447264282964	0.07559777721659962	False
sub-10108	sharedreward	mb1me1	29.852266365895048	0.09810465152107035	False
sub-10108	sharedreward	mb6me4_echo-3_part-mag	14.231181364972144	0.07559777721659962	False
sub-10108	sharedreward	mb3me1	27.411459226859733	0.13623220651394835	False
sub-10108	sharedreward	mb6me1	35.20942933857441	0.0752709409148413	False
sub-10108	sharedreward	mb6me4_echo-4_part-mag	10.194003337761387	0.07559777721659962	False
sub-10108	sharedreward	mb1me4_echo-2_part-mag	32.229793483391404	0.05104713987062099	False
sub-10108	sharedreward	mb6me4_echo-1_part-mag	25.898286046343856	0.07559777721659962	False
sub-10108	sharedreward	mb3me4_echo-2_part-mag	27.652807338687126	0.11259316780631741	False
sub-10078	sharedreward	mb6me1	30.890528151998296	0.09696322251166942	False
sub-10078	sharedreward	mb1me1	34.618412745185196	0.15332181202334608	False
sub-10078	sharedreward	mb3me1	33.75315070152283	0.15161241774302583	False
sub-10154	sharedreward	mb3me4_echo-3_part-mag	19.939678674330935	0.08908578629075424	False
sub-10154	sharedreward	mb1me4_echo-1_part-mag	33.66467778082006	0.14568769638878504	False
sub-10154	sharedreward	mb3me4_echo-4_part-mag	14.184764227131382	0.08908578629075424	False
sub-10154	sharedreward	mb3me4_echo-1_part-mag	38.987675497541204	0.08908578629075424	False
sub-10154	sharedreward	mb1me4_echo-3_part-mag	16.319556947099045	0.14568769638878504	False
sub-10154	sharedreward	mb6me4_echo-2_part-mag	21.116883656941354	0.07672120709500799	False
sub-10154	sharedreward	mb1me4_echo-4_part-mag	11.633511914173141	0.14568769638878504	False
sub-10154	sharedreward	mb6me4_echo-3_part-mag	15.41632259520702	0.07672120709500799	False
sub-10154	sharedreward	mb6me1	25.13619874313008	0.10106914898464009	False
sub-10154	sharedreward	mb3me1	29.071956124622375	0.13400279103089277	False
sub-10154	sharedreward	mb1me4_echo-2_part-mag	23.126169346272945	0.14568769638878504	False
sub-10154	sharedreward	mb6me4_echo-4_part-mag	11.131277082720771	0.07672120709500799	False
sub-10154	sharedreward	mb1me1	30.206125614233315	0.12814415922209263	False
sub-10154	sharedreward	mb6me4_echo-1_part-mag	28.578356770100072	0.07672120709500799	False
sub-10154	sharedreward	mb3me4_echo-2_part-mag	27.825051228981465	0.08908578629075424	False
sub-10085	sharedreward	mb3me4_echo-4_part-mag	10.159140558447689	0.29260768041125007	False
sub-10085	sharedreward	mb1me4_echo-1_part-mag	35.03887107223272	0.24641800374033104	False
sub-10085	sharedreward	mb3me4_echo-3_part-mag	14.200745543348603	0.29260768041125007	False
sub-10085	sharedreward	mb1me1	22.60796240111813	0.4654466760555232	True
sub-10085	sharedreward	mb1me4_echo-4_part-mag	12.372274596127681	0.24641800374033104	False
sub-10085	sharedreward	mb6me4_echo-2_part-mag	14.684839864261448	0.27341130406002107	False
sub-10085	sharedreward	mb3me1	24.278019347169902	0.3580064919405559	False
sub-10085	sharedreward	mb6me1	27.35247434489429	0.1554763177772892	False
sub-10085	sharedreward	mb1me4_echo-3_part-mag	17.424518816987984	0.24641800374033104	False
sub-10085	sharedreward	mb3me4_echo-1_part-mag	28.2271420143079	0.29260768041125007	False
sub-10085	sharedreward	mb6me4_echo-4_part-mag	7.959653157740831	0.27341130406002107	False
sub-10085	sharedreward	mb1me4_echo-2_part-mag	24.555185297504067	0.24641800374033104	False
sub-10085	sharedreward	mb6me4_echo-3_part-mag	10.928368501365185	0.27341130406002107	False
sub-10085	sharedreward	mb3me4_echo-2_part-mag	19.919007079093717	0.29260768041125007	False
sub-10085	sharedreward	mb6me4_echo-1_part-mag	20.024402524111792	0.27341130406002107	False
sub-10166	sharedreward	mb3me4_echo-3_part-mag	13.722334471996874	0.1575076842949864	False
sub-10166	sharedreward	mb1me4_echo-1_part-mag	35.18827265058644	0.19410095756604864	False
sub-10166	sharedreward	mb3me4_echo-4_part-mag	9.597494776826352	0.1575076842949864	False
sub-10166	sharedreward	mb3me4_echo-1_part-mag	25.046236913651228	0.1575076842949864	False
sub-10166	sharedreward	mb1me4_echo-3_part-mag	17.09949451033026	0.19410095756604864	False
sub-10166	sharedreward	mb6me4_echo-2_part-mag	12.190778084099293	0.13241174724335456	False
sub-10166	sharedreward	mb1me4_echo-4_part-mag	11.768298776936717	0.19410095756604864	False
sub-10166	sharedreward	mb6me4_echo-3_part-mag	9.284246247261763	0.13241174724335456	False
sub-10166	sharedreward	mb1me4_echo-2_part-mag	24.615095264161937	0.19410095756604864	False
sub-10166	sharedreward	mb6me4_echo-4_part-mag	6.738891557906754	0.13241174724335456	False
sub-10166	sharedreward	mb6me1	22.87714192084968	0.13927583571104363	False
sub-10166	sharedreward	mb6me4_echo-1_part-mag	14.311122966231778	0.13241174724335456	False
sub-10166	sharedreward	mb3me4_echo-2_part-mag	19.250036934390664	0.1575076842949864	False
sub-10166	sharedreward	mb1me1	28.992871080175973	0.21261803803133617	False
sub-10166	sharedreward	mb3me1	25.629877352155745	0.18432963808928146	False
sub-10188	sharedreward	mb3me4_echo-2_part-mag	25.883360744919628	0.0952303256443325	False
sub-10188	sharedreward	mb6me4_echo-1_part-mag	22.957263997755945	0.09298196849616537	False
sub-10188	sharedreward	mb1me1	37.47658293694258	0.1130674075603807	False
sub-10188	sharedreward	mb3me1	35.228128354414366	0.11285197466705109	False
sub-10188	sharedreward	mb6me4_echo-4_part-mag	9.244193454505876	0.09298196849616537	False
sub-10188	sharedreward	mb1me4_echo-2_part-mag	28.694878729176708	0.0939569419605255	False
sub-10188	sharedreward	mb6me1	32.94859657622874	0.08084409276666843	False
sub-10188	sharedreward	mb6me4_echo-3_part-mag	12.621029564528726	0.09298196849616537	False
sub-10188	sharedreward	mb1me4_echo-4_part-mag	14.710317625082098	0.0939569419605255	False
sub-10188	sharedreward	mb6me4_echo-2_part-mag	16.835903752595186	0.09298196849616537	False
sub-10188	sharedreward	mb3me4_echo-1_part-mag	36.2643629591912	0.0952303256443325	False
sub-10188	sharedreward	mb1me4_echo-3_part-mag	20.593442937824875	0.0939569419605255	False
sub-10188	sharedreward	mb3me4_echo-4_part-mag	13.488760103937238	0.0952303256443325	False
sub-10188	sharedreward	mb3me4_echo-3_part-mag	18.73931732866913	0.0952303256443325	False
sub-10188	sharedreward	mb1me4_echo-1_part-mag	40.84021851234138	0.0939569419605255	False
sub-10318	sharedreward	mb6me4_echo-4_part-mag	7.850119774695486	0.06822084835648803	False
sub-10318	sharedreward	mb6me1	25.50732164189685	0.07846631906923612	False
sub-10318	sharedreward	mb1me4_echo-2_part-mag	28.789589918218553	0.07767851623825786	False
sub-10318	sharedreward	mb1me1	34.06334839016199	0.10332336857944321	False
sub-10318	sharedreward	mb6me4_echo-3_part-mag	10.335092258785153	0.06822084835648803	False
sub-10318	sharedreward	mb3me1	31.047052655019797	0.09912031624561679	False
sub-10318	sharedreward	mb3me4_echo-2_part-mag	21.78911820607027	0.09093910114429385	False
sub-10318	sharedreward	mb6me4_echo-1_part-mag	15.906403168453835	0.06822084835648803	False
sub-10318	sharedreward	mb3me4_echo-4_part-mag	11.713413160759956	0.09093910114429385	False
sub-10318	sharedreward	mb1me4_echo-1_part-mag	40.34446566214319	0.07767851623825786	False
sub-10318	sharedreward	mb3me4_echo-3_part-mag	16.182062817038968	0.09093910114429385	False
sub-10318	sharedreward	mb1me4_echo-4_part-mag	14.324451402993873	0.07767851623825786	False
sub-10318	sharedreward	mb6me4_echo-2_part-mag	13.254611407290213	0.06822084835648803	False
sub-10318	sharedreward	mb1me4_echo-3_part-mag	20.469524915562943	0.07767851623825786	False
sub-10318	sharedreward	mb3me4_echo-1_part-mag	27.165134244132787	0.09093910114429385	False
sub-10652	sharedreward	mb3me4_echo-2_part-mag	18.479117467766628	0.2823507513467843	False
sub-10652	sharedreward	mb6me4_echo-1_part-mag	12.585957111092284	0.19868660049032205	False
sub-10652	sharedreward	mb1me4_echo-2_part-mag	28.378316899063066	0.14105943322157766	False
sub-10652	sharedreward	mb6me4_echo-4_part-mag	6.5070573799312115	0.19868660049032205	False
sub-10652	sharedreward	mb6me1	17.9781773511786	0.2752684505275088	False
sub-10652	sharedreward	mb3me1	26.403364221565425	0.3093574314682392	False
sub-10652	sharedreward	mb6me4_echo-3_part-mag	8.845238945796154	0.19868660049032205	False
sub-10652	sharedreward	mb1me1	29.854214284569025	0.22137344956048666	False
sub-10652	sharedreward	mb6me4_echo-2_part-mag	11.492258879356086	0.19868660049032205	False
sub-10652	sharedreward	mb1me4_echo-4_part-mag	13.714258897816762	0.14105943322157766	False
sub-10652	sharedreward	mb3me4_echo-1_part-mag	24.087966343853623	0.2823507513467843	False
sub-10652	sharedreward	mb1me4_echo-3_part-mag	19.861322712153196	0.14105943322157766	False
sub-10652	sharedreward	mb3me4_echo-4_part-mag	9.392527590331156	0.2823507513467843	False
sub-10652	sharedreward	mb3me4_echo-3_part-mag	13.342256818374153	0.2823507513467843	False
sub-10652	sharedreward	mb1me4_echo-1_part-mag	40.135457706288435	0.14105943322157766	False
sub-10320	sharedreward	mb6me4_echo-3_part-mag	11.045069766696543	0.11494582037169532	False
sub-10320	sharedreward	mb6me4_echo-4_part-mag	8.387788080668543	0.11494582037169532	False
sub-10320	sharedreward	mb1me4_echo-2_part-mag	26.55042922217399	0.07575324586473124	False
sub-10320	sharedreward	mb6me4_echo-1_part-mag	15.136761909350753	0.11494582037169532	False
sub-10320	sharedreward	mb3me4_echo-2_part-mag	23.52562740072608	0.09579279815358233	False
sub-10320	sharedreward	mb1me1	35.366258138325065	0.06958544284076845	False
sub-10320	sharedreward	mb3me4_echo-3_part-mag	17.591366388835013	0.09579279815358233	False
sub-10320	sharedreward	mb3me1	28.727971018175595	0.12123918903834142	False
sub-10320	sharedreward	mb1me4_echo-1_part-mag	37.782395711983554	0.07575324586473124	False
sub-10320	sharedreward	mb3me4_echo-4_part-mag	12.6419264129363	0.09579279815358233	False
sub-10320	sharedreward	mb6me1	28.619879154022783	0.09130242809014931	False
sub-10320	sharedreward	mb3me4_echo-1_part-mag	29.708436666056514	0.09579279815358233	False
sub-10320	sharedreward	mb1me4_echo-3_part-mag	18.76589199982118	0.07575324586473124	False
sub-10320	sharedreward	mb1me4_echo-4_part-mag	13.179271534550935	0.07575324586473124	False
sub-10320	sharedreward	mb6me4_echo-2_part-mag	14.05145752360113	0.11494582037169532	False
sub-10438	sharedreward	mb3me4_echo-2_part-mag	16.646390432026237	0.2778547835040368	False
sub-10438	sharedreward	mb6me4_echo-1_part-mag	10.746597999881487	0.3059430576086734	False
sub-10438	sharedreward	mb1me4_echo-2_part-mag	22.11059360206127	0.15251563017614894	False
sub-10438	sharedreward	mb6me4_echo-4_part-mag	4.880151033110451	0.3059430576086734	False
sub-10438	sharedreward	mb6me4_echo-3_part-mag	6.592280710552586	0.3059430576086734	False
sub-10438	sharedreward	mb6me4_echo-2_part-mag	8.668466969451401	0.3059430576086734	False
sub-10438	sharedreward	mb3me1	24.449613837059587	0.2756513439774675	False
sub-10438	sharedreward	mb1me4_echo-4_part-mag	10.547597427852452	0.15251563017614894	False
sub-10438	sharedreward	mb1me1	15.953118954319507	0.49040812060528666	True
sub-10438	sharedreward	mb1me4_echo-3_part-mag	15.368606203002855	0.15251563017614894	False
sub-10438	sharedreward	mb6me1	21.34696113062091	0.17893419894965143	False
sub-10438	sharedreward	mb3me4_echo-1_part-mag	20.829055779380724	0.2778547835040368	False
sub-10438	sharedreward	mb3me4_echo-4_part-mag	8.600644170306623	0.2778547835040368	False
sub-10438	sharedreward	mb1me4_echo-1_part-mag	31.899191837292165	0.15251563017614894	False
sub-10438	sharedreward	mb3me4_echo-3_part-mag	12.157807262265123	0.2778547835040368	False
sub-10690sp	sharedreward	mb3me4fa50_echo-2_part-mag	27.658023082767613	0.29246031492130425	False
sub-10690sp	sharedreward	mb3me3_echo-3_part-mag	20.055360186612234	0.28705102082105044	False
sub-10690sp	sharedreward	mb2me4_echo-2_part-mag	34.974082447588444	0.17941550254971222	False
sub-10690sp	sharedreward	mb3me3ip0_echo-2_part-mag	23.712625342421234	0.3412633433507325	False
sub-10690sp	sharedreward	mb3me3_echo-1_part-mag	32.796359460800886	0.28705102082105044	False
sub-10690sp	sharedreward	mb3me4_echo-2_part-mag	16.59042207337916	0.2781037053687513	False
sub-10690sp	sharedreward	mb3me1fa50	35.99309825222008	0.38562863778054746	False
sub-10690sp	sharedreward	mb2me4_echo-4_part-mag	17.411407842766494	0.17941550254971222	False
sub-10690sp	sharedreward	mb3me4_echo-3_part-mag	12.162065152078867	0.2781037053687513	False
sub-10690sp	sharedreward	mb3me3ip0_echo-3_part-mag	12.789475713507272	0.3412633433507325	False
sub-10690sp	sharedreward	mb3me4fa50_echo-1_part-mag	33.61484666238539	0.29246031492130425	False
sub-10690sp	sharedreward	mb2me4_echo-3_part-mag	24.971117729321122	0.17941550254971222	False
sub-10690sp	sharedreward	mb3me4_echo-4_part-mag	8.69069559907075	0.2781037053687513	False
sub-10690sp	sharedreward	mb3me4fa50_echo-4_part-mag	14.568293107906356	0.29246031492130425	False
sub-10690sp	sharedreward	mb3me4_echo-1_part-mag	20.761220963206142	0.2781037053687513	False
sub-10690sp	sharedreward	mb3me3_echo-2_part-mag	27.02158620755654	0.28705102082105044	False
sub-10690sp	sharedreward	mb3me3ip0_echo-1_part-mag	44.79130016057752	0.3412633433507325	False
sub-10690sp	sharedreward	mb3me4fa50_echo-3_part-mag	20.50504069472663	0.29246031492130425	False
sub-10690sp	sharedreward	mb2me4_echo-1_part-mag	47.62302669323981	0.17941550254971222	False
sub-10137	sharedreward	mb6me1	34.30039792112075	0.11447782114518111	False
sub-10137	sharedreward	mb6me4_echo-3_part-mag	16.288336652563885	0.14297597056314962	False
sub-10137	sharedreward	mb1me1	39.87021466065198	0.07783600103016743	False
sub-10137	sharedreward	mb1me4_echo-2_part-mag	32.475108766928315	0.054455663966516236	False
sub-10137	sharedreward	mb3me1	35.29832060076296	0.18576116781211086	False
sub-10137	sharedreward	mb6me4_echo-4_part-mag	11.701749193889555	0.14297597056314962	False
sub-10137	sharedreward	mb6me4_echo-1_part-mag	28.671953736338764	0.14297597056314962	False
sub-10137	sharedreward	mb3me4_echo-2_part-mag	28.323844453552738	0.09981889804216916	False
sub-10137	sharedreward	mb3me4_echo-3_part-mag	20.343557834043168	0.09981889804216916	False
sub-10137	sharedreward	mb1me4_echo-1_part-mag	46.462247647345066	0.054455663966516236	False
sub-10137	sharedreward	mb3me4_echo-4_part-mag	14.458138703601435	0.09981889804216916	False
sub-10137	sharedreward	mb3me4_echo-1_part-mag	39.56030535744503	0.09981889804216916	False
sub-10137	sharedreward	mb1me4_echo-3_part-mag	22.85771149676293	0.054455663966516236	False
sub-10137	sharedreward	mb6me4_echo-2_part-mag	21.79155321646249	0.14297597056314962	False
sub-10137	sharedreward	mb1me4_echo-4_part-mag	15.892656806856394	0.054455663966516236	False
sub-10234	sharedreward	mb6me1	23.230007599457167	0.2301668029379169	False
sub-10234	sharedreward	mb1me1	27.866309300879948	0.13672170833878228	False
sub-10234	sharedreward	mb3me1	26.023474385030568	0.3646868842442917	False
sub-10644sp	sharedreward	mb3me3_echo-3_part-mag	18.666174486279488	0.2181388767926791	False
sub-10644sp	sharedreward	mb3me3ip0_echo-2_part-mag	24.643540748395026	0.23476894910049415	False
sub-10644sp	sharedreward	mb3me1fa50	42.506415450247005	0.23993652682709113	False
sub-10644sp	sharedreward	mb3me4fa50_echo-1_part-mag	39.026714192237705	0.18753269552414822	False
sub-10644sp	sharedreward	mb3me4_echo-2_part-mag	17.66211825609207	0.16728657220473603	False
sub-10644sp	sharedreward	mb3me3_echo-1_part-mag	37.04448454279918	0.2181388767926791	False
sub-10644sp	sharedreward	mb3me4fa50_echo-4_part-mag	14.272400964749977	0.18753269552414822	False
sub-10644sp	sharedreward	mb2me4_echo-2_part-mag	14.76614159764722	0.3075875287591851	False
sub-10644sp	sharedreward	mb3me4fa50_echo-3_part-mag	20.392146624973975	0.18753269552414822	False
sub-10644sp	sharedreward	mb3me4_echo-4_part-mag	9.169320802669972	0.16728657220473603	False
sub-10644sp	sharedreward	mb2me4_echo-3_part-mag	10.30239870864898	0.3075875287591851	False
sub-10644sp	sharedreward	mb3me4fa50_echo-2_part-mag	28.69312278390862	0.18753269552414822	False
sub-10644sp	sharedreward	mb3me4_echo-3_part-mag	12.832784488447942	0.16728657220473603	False
sub-10644sp	sharedreward	mb2me4_echo-4_part-mag	7.39470700500533	0.3075875287591851	False
sub-10644sp	sharedreward	mb3me3ip0_echo-1_part-mag	50.064582605380565	0.23476894910049415	False
sub-10644sp	sharedreward	mb2me4_echo-1_part-mag	23.307030901312828	0.3075875287591851	False
sub-10644sp	sharedreward	mb3me3_echo-2_part-mag	26.675046956865117	0.2181388767926791	False
sub-10644sp	sharedreward	mb3me4_echo-1_part-mag	23.350081515382044	0.16728657220473603	False
sub-10644sp	sharedreward	mb3me3ip0_echo-3_part-mag	12.981527078896761	0.23476894910049415	False
sub-10043	sharedreward	mb6me1	34.21344138379209	0.1065505793551644	False
sub-10043	sharedreward	mb6me4_echo-4_part-mag	11.248960367986001	0.09594807453372456	False
sub-10043	sharedreward	mb1me4_echo-2_part-mag	32.96231392445043	0.0834429229632915	False
sub-10043	sharedreward	mb3me1	35.03338050004095	0.1691472154953652	False
sub-10043	sharedreward	mb6me4_echo-3_part-mag	15.509299945493694	0.09594807453372456	False
sub-10043	sharedreward	mb1me1	39.944929065182805	0.09191825634327937	False
sub-10043	sharedreward	mb3me4_echo-2_part-mag	27.01465256139636	0.10676380989057682	False
sub-10043	sharedreward	mb6me4_echo-1_part-mag	27.73416070640087	0.09594807453372456	False
sub-10043	sharedreward	mb3me4_echo-4_part-mag	14.026099604263436	0.10676380989057682	False
sub-10043	sharedreward	mb3me4_echo-3_part-mag	19.569426676025614	0.10676380989057682	False
sub-10043	sharedreward	mb1me4_echo-1_part-mag	46.3538920879364	0.0834429229632915	False
sub-10043	sharedreward	mb1me4_echo-4_part-mag	16.897699042223394	0.0834429229632915	False
sub-10043	sharedreward	mb6me4_echo-2_part-mag	20.81437490088865	0.09594807453372456	False
sub-10043	sharedreward	mb3me4_echo-1_part-mag	37.590825154678896	0.10676380989057682	False
sub-10043	sharedreward	mb1me4_echo-3_part-mag	23.581748003605753	0.0834429229632915	False
sub-10198	sharedreward	mb1me4_echo-2_part-mag	27.112535880878568	0.12879872160324835	False
sub-10198	sharedreward	mb6me4_echo-4_part-mag	7.251271127141081	0.14077645540870692	False
sub-10198	sharedreward	mb6me4_echo-3_part-mag	9.622243339545093	0.14077645540870692	False
sub-10198	sharedreward	mb3me4_echo-2_part-mag	22.58377194404602	0.12076709076325265	False
sub-10198	sharedreward	mb6me4_echo-1_part-mag	14.812547139765229	0.14077645540870692	False
sub-10198	sharedreward	mb3me4_echo-4_part-mag	12.573560610297136	0.12076709076325265	False
sub-10198	sharedreward	mb3me1	26.80852584319655	0.2837979574415039	False
sub-10198	sharedreward	mb3me4_echo-3_part-mag	16.99036978231743	0.12076709076325265	False
sub-10198	sharedreward	mb6me1	25.526395708031487	0.18638242431584062	False
sub-10198	sharedreward	mb1me4_echo-1_part-mag	37.81774909037631	0.12879872160324835	False
sub-10198	sharedreward	mb6me4_echo-2_part-mag	12.26336003630422	0.14077645540870692	False
sub-10198	sharedreward	mb1me4_echo-4_part-mag	14.076207507401705	0.12879872160324835	False
sub-10198	sharedreward	mb3me4_echo-1_part-mag	28.01637420442421	0.12076709076325265	False
sub-10198	sharedreward	mb1me4_echo-3_part-mag	19.552967600058764	0.12879872160324835	False
sub-10606sp	sharedreward	mb3me4_echo-4_part-mag	8.108951384783722	0.18240642375678712	False
sub-10606sp	sharedreward	mb2me4_echo-3_part-mag	25.9259430518141	0.11638536433577973	False
sub-10606sp	sharedreward	mb3me4fa50_echo-1_part-mag	35.24483731284272	0.16622008820682327	False
sub-10606sp	sharedreward	mb3me3ip0_echo-2_part-mag	41.48837571637705	0.07694901391361386	False
sub-10606sp	sharedreward	mb3me1fa50	38.25320631789509	0.15887968794266208	False
sub-10606sp	sharedreward	mb3me4_echo-3_part-mag	11.234315396286547	0.18240642375678712	False
sub-10606sp	sharedreward	mb2me4_echo-4_part-mag	18.372723816195503	0.11638536433577973	False
sub-10606sp	sharedreward	mb3me4fa50_echo-4_part-mag	12.496349087450653	0.16622008820682327	False
sub-10606sp	sharedreward	mb2me4_echo-1_part-mag	53.29196650069207	0.11638536433577973	False
sub-10606sp	sharedreward	mb3me4fa50_echo-3_part-mag	17.49965565162711	0.16622008820682327	False
sub-10606sp	sharedreward	mb3me3_echo-2_part-mag	34.048848648089916	0.0905459665286773	False
sub-10606sp	sharedreward	mb3me4_echo-1_part-mag	21.122651175712235	0.18240642375678712	False
sub-10606sp	sharedreward	mb3me4fa50_echo-2_part-mag	24.746613716706634	0.16622008820682327	False
sub-10606sp	sharedreward	mb3me3_echo-3_part-mag	24.89557889662683	0.0905459665286773	False
sub-10606sp	sharedreward	mb3me3ip0_echo-1_part-mag	73.98018806660548	0.07694901391361386	False
sub-10606sp	sharedreward	mb3me4_echo-2_part-mag	15.610379830235615	0.18240642375678712	False
sub-10606sp	sharedreward	mb3me3_echo-1_part-mag	44.65023872256279	0.0905459665286773	False
sub-10606sp	sharedreward	mb3me3ip0_echo-3_part-mag	22.68207944976166	0.07694901391361386	False
sub-10606sp	sharedreward	mb2me4_echo-2_part-mag	36.82521016057581	0.11638536433577973	False
sub-10223	sharedreward	mb6me1	28.778553111478686	0.11629263413937257	False
sub-10223	sharedreward	mb1me1	31.732197122415528	0.10132466807154833	False
sub-10223	sharedreward	mb3me1	30.832079753978178	0.1545038499511043	False
sub-10015	sharedreward	mb6me1	55.534528575022705	0.11221048021313977	False
sub-10015	sharedreward	mb3me1	54.188278671354055	0.09461649631774269	False
sub-10015	sharedreward	mb1me1	48.53419165476225	0.1343819536001919	False
sub-10382	sharedreward	mb3me1	16.778985915880185	0.22895317829130937	False
sub-10382	sharedreward	mb1me1	20.206273160874844	0.21583100874254377	False
sub-10382	sharedreward	mb6me1	16.49784678290598	0.17525830477107404	False
sub-10186	sharedreward	mb1me4_echo-2_part-mag	34.28049653535709	0.08501705450053663	False
sub-10186	sharedreward	mb6me4_echo-4_part-mag	10.281381056178361	0.12282062651179261	False
sub-10186	sharedreward	mb6me4_echo-3_part-mag	14.516403870773502	0.12282062651179261	False
sub-10186	sharedreward	mb3me4_echo-2_part-mag	26.48942822299432	0.12373271559998009	False
sub-10186	sharedreward	mb6me4_echo-1_part-mag	25.633167038555257	0.12282062651179261	False
sub-10186	sharedreward	mb3me4_echo-4_part-mag	13.080403546104208	0.12373271559998009	False
sub-10186	sharedreward	mb1me4_echo-1_part-mag	48.89448632253334	0.08501705450053663	False
sub-10186	sharedreward	mb3me4_echo-3_part-mag	18.789250921690837	0.12373271559998009	False
sub-10186	sharedreward	mb6me4_echo-2_part-mag	19.732769639929757	0.12282062651179261	False
sub-10186	sharedreward	mb1me1	26.977025873726234	0.12963063766122593	False
sub-10186	sharedreward	mb1me4_echo-4_part-mag	16.686844060663134	0.08501705450053663	False
sub-10186	sharedreward	mb3me1	30.315117875346914	0.18117408661282283	False
sub-10186	sharedreward	mb6me1	33.460833217715845	0.12584530284495474	False
sub-10186	sharedreward	mb1me4_echo-3_part-mag	24.16168586513959	0.08501705450053663	False
sub-10186	sharedreward	mb3me4_echo-1_part-mag	37.57591733336449	0.12373271559998009	False
sub-10422	sharedreward	mb6me4_echo-2_part-mag	13.237972153816372	0.1280772352241975	False
sub-10422	sharedreward	mb1me1	30.4138137686532	0.11790981915470071	False
sub-10422	sharedreward	mb1me4_echo-4_part-mag	11.427805116400123	0.19591451057112363	False
sub-10422	sharedreward	mb3me1	25.571987817180343	0.18212286985468443	False
sub-10422	sharedreward	mb6me1	20.32985409081448	0.14001193810836773	False
sub-10422	sharedreward	mb1me4_echo-3_part-mag	16.21016138466075	0.19591451057112363	False
sub-10422	sharedreward	mb3me4_echo-1_part-mag	26.484063416719437	0.17060903730920693	False
sub-10422	sharedreward	mb3me4_echo-4_part-mag	11.645359384361655	0.17060903730920693	False
sub-10422	sharedreward	mb1me4_echo-1_part-mag	32.226043183822185	0.19591451057112363	False
sub-10422	sharedreward	mb3me4_echo-3_part-mag	16.046578794834204	0.17060903730920693	False
sub-10422	sharedreward	mb3me4_echo-2_part-mag	21.34551050607115	0.17060903730920693	False
sub-10422	sharedreward	mb6me4_echo-1_part-mag	15.091419764969032	0.1280772352241975	False
sub-10422	sharedreward	mb1me4_echo-2_part-mag	22.89440054766601	0.19591451057112363	False
sub-10422	sharedreward	mb6me4_echo-4_part-mag	8.15071104269009	0.1280772352241975	False
sub-10422	sharedreward	mb6me4_echo-3_part-mag	10.909865031193476	0.1280772352241975	False
sub-10150	sharedreward	mb1me1	37.61297746561468	0.10270004225209685	False
sub-10150	sharedreward	mb3me1	34.79082519933581	0.15635019393943989	False
sub-10150	sharedreward	mb6me1	28.448445942252874	0.10546997608443931	False
sub-10296	sharedreward	mb3me4_echo-1_part-mag	23.657044067396782	0.07326415784948458	False
sub-10296	sharedreward	mb1me1	13.852328234352171	0.19347886329152017	False
sub-10296	sharedreward	mb3me1	23.28920192841906	0.18044552817418236	False
sub-10296	sharedreward	mb1me4_echo-3_part-mag	17.64634662354365	0.09740958196868461	False
sub-10296	sharedreward	mb6me1	22.11039284686558	0.17040820271211207	False
sub-10296	sharedreward	mb6me4_echo-2_part-mag	8.753821930848062	0.15744702690854565	False
sub-10296	sharedreward	mb1me4_echo-4_part-mag	12.2664853814058	0.09740958196868461	False
sub-10296	sharedreward	mb3me4_echo-3_part-mag	14.2254883274436	0.07326415784948458	False
sub-10296	sharedreward	mb1me4_echo-1_part-mag	35.49663710128516	0.09740958196868461	False
sub-10296	sharedreward	mb3me4_echo-4_part-mag	10.140473582781851	0.07326415784948458	False
sub-10296	sharedreward	mb6me4_echo-1_part-mag	10.358277033577906	0.15744702690854565	False
sub-10296	sharedreward	mb3me4_echo-2_part-mag	19.251125416194554	0.07326415784948458	False
sub-10296	sharedreward	mb6me4_echo-3_part-mag	6.69296339165885	0.15744702690854565	False
sub-10296	sharedreward	mb1me4_echo-2_part-mag	24.992753722472116	0.09740958196868461	False
sub-10296	sharedreward	mb6me4_echo-4_part-mag	4.988296647090465	0.15744702690854565	False
sub-10391	sharedreward	mb1me1	29.366208048304543	0.132659530799184	False
sub-10391	sharedreward	mb3me1	26.839317589765415	0.17862549990614113	False
sub-10391	sharedreward	mb6me4_echo-1_part-mag	15.289767453621607	0.08897461973146399	False
sub-10391	sharedreward	mb6me1	24.70342514186632	0.11091151010250082	False
sub-10391	sharedreward	mb3me4_echo-2_part-mag	20.702032575383782	0.13971794726141032	False
sub-10391	sharedreward	mb6me4_echo-3_part-mag	10.045852308103349	0.08897461973146399	False
sub-10391	sharedreward	mb6me4_echo-4_part-mag	7.379937230318319	0.08897461973146399	False
sub-10391	sharedreward	mb1me4_echo-2_part-mag	24.401414243038744	0.10154458254676645	False
sub-10391	sharedreward	mb3me4_echo-1_part-mag	26.65701939514838	0.13971794726141032	False
sub-10391	sharedreward	mb1me4_echo-3_part-mag	16.862296364619397	0.10154458254676645	False
sub-10391	sharedreward	mb1me4_echo-4_part-mag	11.554686478571966	0.10154458254676645	False
sub-10391	sharedreward	mb6me4_echo-2_part-mag	13.374559826916084	0.08897461973146399	False
sub-10391	sharedreward	mb3me4_echo-3_part-mag	14.970201296498999	0.13971794726141032	False
sub-10391	sharedreward	mb1me4_echo-1_part-mag	35.47220866382122	0.10154458254676645	False
sub-10391	sharedreward	mb3me4_echo-4_part-mag	10.490930668194778	0.13971794726141032	False
sub-10738	sharedreward	mb6me1	16.723504839930683	0.43856094495811015	True
sub-10738	sharedreward	mb3me1	18.11723110161256	0.5161646029934897	True
sub-10738	sharedreward	mb1me4_echo-2_part-mag	18.662515468429774	0.32608300168698373	False
sub-10738	sharedreward	mb1me4_echo-4_part-mag	8.852789187803864	0.32608300168698373	False
sub-10738	sharedreward	mb1me4_echo-3_part-mag	12.877256859559566	0.32608300168698373	False
sub-10738	sharedreward	mb1me4_echo-1_part-mag	27.182605230016634	0.32608300168698373	False
sub-10777sp	sharedreward	mb3me3_echo-2_part-mag	31.256286709569395	0.1629622895067956	False
sub-10777sp	sharedreward	mb3me4_echo-1_part-mag	24.69300398696214	0.16625496914148774	False
sub-10777sp	sharedreward	mb3me4fa50_echo-4_part-mag	16.62213255558163	0.1900884513011269	False
sub-10777sp	sharedreward	mb3me3ip0_echo-1_part-mag	54.951112354174256	0.19082648423882248	False
sub-10777sp	sharedreward	mb3me4fa50_echo-3_part-mag	23.162377982516773	0.1900884513011269	False
sub-10777sp	sharedreward	mb3me1fa50	38.85680926730856	0.25607736578529	False
sub-10777sp	sharedreward	mb2me4_echo-1_part-mag	55.65414792718366	0.07399753737821868	False
sub-10777sp	sharedreward	mb3me4_echo-3_part-mag	14.735286843730137	0.16625496914148774	False
sub-10777sp	sharedreward	mb2me4_echo-4_part-mag	18.60987189365551	0.07399753737821868	False
sub-10777sp	sharedreward	mb3me4fa50_echo-1_part-mag	38.71279344102368	0.1900884513011269	False
sub-10777sp	sharedreward	mb3me3ip0_echo-3_part-mag	15.091883480083197	0.19082648423882248	False
sub-10777sp	sharedreward	mb3me4_echo-4_part-mag	10.526614289963618	0.16625496914148774	False
sub-10777sp	sharedreward	mb2me4_echo-3_part-mag	26.803340225946158	0.07399753737821868	False
sub-10777sp	sharedreward	mb3me3ip0_echo-2_part-mag	28.482686837669462	0.19082648423882248	False
sub-10777sp	sharedreward	mb2me4_echo-2_part-mag	38.40421724924818	0.07399753737821868	False
sub-10777sp	sharedreward	mb3me4_echo-2_part-mag	19.94836190098431	0.16625496914148774	False
sub-10777sp	sharedreward	mb3me3_echo-1_part-mag	39.44499935663771	0.1629622895067956	False
sub-10777sp	sharedreward	mb3me4fa50_echo-2_part-mag	30.87654867162928	0.1900884513011269	False
sub-10777sp	sharedreward	mb3me3_echo-3_part-mag	23.495573809021153	0.1629622895067956	False
sub-10074	sharedreward	mb1me4_echo-4_part-mag	15.511636699084193	0.06814785864065673	False
sub-10074	sharedreward	mb6me4_echo-2_part-mag	20.740033538429998	0.08873935565218119	False
sub-10074	sharedreward	mb3me4_echo-1_part-mag	38.182495860848576	0.12759251296542976	False
sub-10074	sharedreward	mb1me4_echo-3_part-mag	21.984114511869848	0.06814785864065673	False
sub-10074	sharedreward	mb3me1	28.938897054526024	0.13250269598172085	False
sub-10074	sharedreward	mb3me4_echo-4_part-mag	13.815308859804645	0.12759251296542976	False
sub-10074	sharedreward	mb1me1	29.042928720416967	0.2503969911577609	False
sub-10074	sharedreward	mb3me4_echo-3_part-mag	19.461289977654815	0.12759251296542976	False
sub-10074	sharedreward	mb6me1	31.749533460242674	0.07814061140876362	False
sub-10074	sharedreward	mb1me4_echo-1_part-mag	44.34738557576202	0.06814785864065673	False
sub-10074	sharedreward	mb3me4_echo-2_part-mag	27.171726746018976	0.12759251296542976	False
sub-10074	sharedreward	mb6me4_echo-1_part-mag	27.830091910320334	0.08873935565218119	False
sub-10074	sharedreward	mb6me4_echo-4_part-mag	10.980182023253292	0.08873935565218119	False
sub-10074	sharedreward	mb1me4_echo-2_part-mag	31.059219502843916	0.06814785864065673	False
sub-10074	sharedreward	mb6me4_echo-3_part-mag	15.257676597917452	0.08873935565218119	False
sub-10803sp	sharedreward	mb3me4_echo-2_part-mag	23.253187959082425	0.07186427972241038	False
sub-10803sp	sharedreward	mb3me3_echo-1_part-mag	42.72689142613672	0.11203135259156607	False
sub-10803sp	sharedreward	mb2me4_echo-2_part-mag	45.04108601633925	0.10652900892713954	False
sub-10803sp	sharedreward	mb3me4fa50_echo-1_part-mag	44.05818756041117	0.09729958142082586	False
sub-10803sp	sharedreward	mb3me4fa50_echo-4_part-mag	19.463693160563707	0.09729958142082586	False
sub-10803sp	sharedreward	mb3me3_echo-3_part-mag	25.73003834206611	0.11203135259156607	False
sub-10803sp	sharedreward	mb3me3ip0_echo-2_part-mag	36.18447123921942	0.09912787233689184	False
sub-10803sp	sharedreward	mb3me4fa50_echo-3_part-mag	27.02259033045266	0.09729958142082586	False
sub-10803sp	sharedreward	mb2me4_echo-1_part-mag	62.76623697625473	0.10652900892713954	False
sub-10803sp	sharedreward	mb3me3ip0_echo-3_part-mag	19.1290165084647	0.09912787233689184	False
sub-10803sp	sharedreward	mb3me4fa50_echo-2_part-mag	35.852159108035266	0.09729958142082586	False
sub-10803sp	sharedreward	mb3me1fa50	43.19522527512163	0.1328030632441528	False
sub-10803sp	sharedreward	mb3me3_echo-2_part-mag	34.393402852118015	0.11203135259156607	False
sub-10803sp	sharedreward	mb3me4_echo-1_part-mag	28.43715965608135	0.07186427972241038	False
sub-10803sp	sharedreward	mb3me4_echo-4_part-mag	12.545698573812842	0.07186427972241038	False
sub-10803sp	sharedreward	mb2me4_echo-3_part-mag	32.52394326031208	0.10652900892713954	False
sub-10803sp	sharedreward	mb3me3ip0_echo-1_part-mag	67.7722073784098	0.09912787233689184	False
sub-10803sp	sharedreward	mb3me4_echo-3_part-mag	17.416762795764953	0.07186427972241038	False
sub-10803sp	sharedreward	mb2me4_echo-4_part-mag	22.921078749815933	0.10652900892713954	False
sub-10136	sharedreward	mb1me4_echo-2_part-mag	25.40110819239635	0.269363230065085	False
sub-10136	sharedreward	mb6me4_echo-4_part-mag	12.055667810258456	0.1323467991390886	False
sub-10136	sharedreward	mb6me4_echo-3_part-mag	16.702719904482365	0.1323467991390886	False
sub-10136	sharedreward	mb3me4_echo-2_part-mag	25.14602207276039	0.2842786247995069	False
sub-10136	sharedreward	mb6me4_echo-1_part-mag	29.33771481597796	0.1323467991390886	False
sub-10136	sharedreward	mb3me1	31.064219607040286	0.21281071307861865	False
sub-10136	sharedreward	mb3me4_echo-4_part-mag	12.93297206866555	0.2842786247995069	False
sub-10136	sharedreward	mb1me1	34.70733993512113	0.16579710935804887	False
sub-10136	sharedreward	mb1me4_echo-1_part-mag	36.28086769161746	0.269363230065085	False
sub-10136	sharedreward	mb3me4_echo-3_part-mag	18.20176091743633	0.2842786247995069	False
sub-10136	sharedreward	mb6me1	28.23707035323605	0.14689837063939915	False
sub-10136	sharedreward	mb6me4_echo-2_part-mag	22.67541550390888	0.1323467991390886	False
sub-10136	sharedreward	mb1me4_echo-4_part-mag	12.687997541506775	0.269363230065085	False
sub-10136	sharedreward	mb1me4_echo-3_part-mag	18.005318896844983	0.269363230065085	False
sub-10136	sharedreward	mb3me4_echo-1_part-mag	34.61918746703304	0.2842786247995069	False
sub-10046	sharedreward	mb3me4_echo-2_part-mag	23.679733940633014	0.24128569935322144	False
sub-10046	sharedreward	mb3me4_echo-4_part-mag	12.27106380276382	0.24128569935322144	False
sub-10046	sharedreward	mb3me4_echo-3_part-mag	17.05754708359018	0.24128569935322144	False
sub-10046	sharedreward	mb3me4_echo-1_part-mag	33.31031327135861	0.24128569935322144	False
sub-10603sp	sharedreward	mb3me4fa50_echo-3_part-mag	21.26536730211228	0.20847837154420787	False
sub-10603sp	sharedreward	mb3me4fa50_echo-4_part-mag	14.726335033774376	0.20847837154420787	False
sub-10603sp	sharedreward	mb3me3_echo-3_part-mag	16.76603998639621	0.2626352041230176	False
sub-10603sp	sharedreward	mb2me4_echo-2_part-mag	33.81828764081001	0.18861025784917468	False
sub-10603sp	sharedreward	mb3me3ip0_echo-2_part-mag	24.93683266802691	0.2530621007932553	False
sub-10603sp	sharedreward	mb3me4fa50_echo-1_part-mag	41.22375725477468	0.20847837154420787	False
sub-10603sp	sharedreward	mb3me4_echo-2_part-mag	17.257343776524067	0.19077950676838018	False
sub-10603sp	sharedreward	mb3me3_echo-1_part-mag	35.90279306541197	0.2626352041230176	False
sub-10603sp	sharedreward	mb3me4_echo-3_part-mag	12.045619782991707	0.19077950676838018	False
sub-10603sp	sharedreward	mb2me4_echo-4_part-mag	15.311338390223682	0.18861025784917468	False
sub-10603sp	sharedreward	mb3me3ip0_echo-3_part-mag	12.506873895414174	0.2530621007932553	False
sub-10603sp	sharedreward	mb3me1fa50	30.04927245376166	0.2980787299321986	False
sub-10603sp	sharedreward	mb3me4_echo-4_part-mag	8.315455528441817	0.19077950676838018	False
sub-10603sp	sharedreward	mb2me4_echo-3_part-mag	22.44581085140817	0.18861025784917468	False
sub-10603sp	sharedreward	mb3me3_echo-2_part-mag	25.176079145399854	0.2626352041230176	False
sub-10603sp	sharedreward	mb3me4_echo-1_part-mag	23.25177646498196	0.19077950676838018	False
sub-10603sp	sharedreward	mb3me4fa50_echo-2_part-mag	30.686350052361377	0.20847837154420787	False
sub-10603sp	sharedreward	mb3me3ip0_echo-1_part-mag	52.58953860588372	0.2530621007932553	False
sub-10603sp	sharedreward	mb2me4_echo-1_part-mag	52.331674012122676	0.18861025784917468	False
sub-10589sp	sharedreward	mb3me4_echo-2_part-mag	21.050415566540323	0.09313853538275717	False
sub-10589sp	sharedreward	mb3me3_echo-1_part-mag	35.444014853273984	0.13753677391447602	False
sub-10589sp	sharedreward	mb3me4fa50_echo-4_part-mag	14.893601073767059	0.14650749285673542	False
sub-10589sp	sharedreward	mb2me4_echo-2_part-mag	33.782553437165916	0.12116387336647487	False
sub-10589sp	sharedreward	mb3me3ip0_echo-1_part-mag	47.41676448506769	0.1517140786445286	False
sub-10589sp	sharedreward	mb3me4fa50_echo-3_part-mag	20.849875045241788	0.14650749285673542	False
sub-10589sp	sharedreward	mb3me3_echo-3_part-mag	19.943393353081774	0.13753677391447602	False
sub-10589sp	sharedreward	mb3me3ip0_echo-3_part-mag	12.833788338117301	0.1517140786445286	False
sub-10589sp	sharedreward	mb3me4fa50_echo-1_part-mag	36.61929885135032	0.14650749285673542	False
sub-10589sp	sharedreward	mb3me3ip0_echo-2_part-mag	23.595176497939974	0.1517140786445286	False
sub-10589sp	sharedreward	mb2me4_echo-1_part-mag	49.97382595308591	0.12116387336647487	False
sub-10589sp	sharedreward	mb3me3_echo-2_part-mag	26.979172321851365	0.13753677391447602	False
sub-10589sp	sharedreward	mb3me4_echo-1_part-mag	25.97215204150416	0.09313853538275717	False
sub-10589sp	sharedreward	mb3me1fa50	36.61787744425237	0.17912566067276936	False
sub-10589sp	sharedreward	mb3me4_echo-4_part-mag	11.05002413794864	0.09313853538275717	False
sub-10589sp	sharedreward	mb2me4_echo-3_part-mag	23.56037945614662	0.12116387336647487	False
sub-10589sp	sharedreward	mb3me4fa50_echo-2_part-mag	28.090628252830356	0.14650749285673542	False
sub-10589sp	sharedreward	mb3me4_echo-3_part-mag	15.603782969526947	0.09313853538275717	False
sub-10589sp	sharedreward	mb2me4_echo-4_part-mag	16.544508563238196	0.12116387336647487	False
sub-10319	sharedreward	mb3me1	29.899001809419133	0.18934523916146326	False
sub-10319	sharedreward	mb1me4_echo-1_part-mag	37.672581303399056	0.14364157446392123	False
sub-10319	sharedreward	mb3me4_echo-3_part-mag	16.74878479912877	0.19864464738852264	False
sub-10319	sharedreward	mb1me1	29.920525110559538	0.18969928913497075	False
sub-10319	sharedreward	mb6me1	23.75452240020968	0.1385667810072369	False
sub-10319	sharedreward	mb3me4_echo-4_part-mag	12.293954804772511	0.19864464738852264	False
sub-10319	sharedreward	mb1me4_echo-3_part-mag	19.254521963652223	0.14364157446392123	False
sub-10319	sharedreward	mb3me4_echo-1_part-mag	27.917750537395477	0.19864464738852264	False
sub-10319	sharedreward	mb1me4_echo-4_part-mag	13.816399120725691	0.14364157446392123	False
sub-10319	sharedreward	mb6me4_echo-2_part-mag	11.839985284139402	0.15324202543452753	False
sub-10319	sharedreward	mb6me4_echo-3_part-mag	9.301957672694698	0.15324202543452753	False
sub-10319	sharedreward	mb6me4_echo-4_part-mag	6.915248792502098	0.15324202543452753	False
sub-10319	sharedreward	mb1me4_echo-2_part-mag	26.851800643256865	0.14364157446392123	False
sub-10319	sharedreward	mb6me4_echo-1_part-mag	14.265752092498587	0.15324202543452753	False
sub-10319	sharedreward	mb3me4_echo-2_part-mag	22.423929163487628	0.19864464738852264	False
sub-10028	sharedreward	mb3me4_echo-2_part-mag	29.330247921287082	0.08269715313244642	False
sub-10028	sharedreward	mb6me4_echo-1_part-mag	25.217408202239312	0.1171840102608403	False
sub-10028	sharedreward	mb6me4_echo-4_part-mag	10.275401541381143	0.1171840102608403	False
sub-10028	sharedreward	mb1me4_echo-2_part-mag	33.87075288721826	0.04381705407033354	False
sub-10028	sharedreward	mb6me4_echo-3_part-mag	14.222950866329484	0.1171840102608403	False
sub-10028	sharedreward	mb1me4_echo-4_part-mag	16.985488263890147	0.04381705407033354	False
sub-10028	sharedreward	mb6me4_echo-2_part-mag	19.185260935220867	0.1171840102608403	False
sub-10028	sharedreward	mb3me4_echo-1_part-mag	39.915344126173295	0.08269715313244642	False
sub-10028	sharedreward	mb1me4_echo-3_part-mag	24.133692749310285	0.04381705407033354	False
sub-10028	sharedreward	mb3me4_echo-4_part-mag	14.989475656766444	0.08269715313244642	False
sub-10028	sharedreward	mb1me1	20.680085726256948	0.274775472490717	False
sub-10028	sharedreward	mb3me4_echo-3_part-mag	21.156484363717027	0.08269715313244642	False
sub-10028	sharedreward	mb1me4_echo-1_part-mag	47.63905514450744	0.04381705407033354	False
sub-10125	sharedreward	mb1me4_echo-1_part-mag	39.50069585815072	0.13285436100458445	False
sub-10125	sharedreward	mb3me4_echo-3_part-mag	18.435405553667806	0.17113196943386486	False
sub-10125	sharedreward	mb3me4_echo-4_part-mag	12.899356681737117	0.17113196943386486	False
sub-10125	sharedreward	mb1me4_echo-3_part-mag	18.891231286223046	0.13285436100458445	False
sub-10125	sharedreward	mb3me4_echo-1_part-mag	37.27979439403862	0.17113196943386486	False
sub-10125	sharedreward	mb1me4_echo-4_part-mag	13.11524429707788	0.13285436100458445	False
sub-10125	sharedreward	mb6me4_echo-2_part-mag	19.192553845234215	0.1268300501040871	False
sub-10125	sharedreward	mb6me4_echo-3_part-mag	14.019643695792183	0.1268300501040871	False
sub-10125	sharedreward	mb6me1	30.94243081426248	0.1556271775156464	False
sub-10125	sharedreward	mb6me4_echo-4_part-mag	9.945623010629788	0.1268300501040871	False
sub-10125	sharedreward	mb3me1	30.440997762489133	0.2298630628444959	False
sub-10125	sharedreward	mb1me4_echo-2_part-mag	27.178605312947184	0.13285436100458445	False
sub-10125	sharedreward	mb1me1	30.21694188879337	0.2766658666720338	False
sub-10125	sharedreward	mb6me4_echo-1_part-mag	26.382042246637866	0.1268300501040871	False
sub-10125	sharedreward	mb3me4_echo-2_part-mag	26.059402017504908	0.17113196943386486	False
sub-10221	sharedreward	mb1me1	30.038896687794477	0.20637722184473592	False
sub-10221	sharedreward	mb3me1	29.045916471630335	0.30075978284382365	False
sub-10221	sharedreward	mb6me1	26.435068934806623	0.2203901121996038	False
sub-10608sp	sharedreward	mb3me4fa50_echo-4_part-mag	12.734010260610376	0.2797421304845311	False
sub-10608sp	sharedreward	mb2me4_echo-2_part-mag	30.92133702756837	0.2501154279430014	False
sub-10608sp	sharedreward	mb3me4fa50_echo-3_part-mag	18.0976271154359	0.2797421304845311	False
sub-10608sp	sharedreward	mb3me3_echo-1_part-mag	29.875464364886284	0.3155808797991275	False
sub-10608sp	sharedreward	mb3me4_echo-2_part-mag	19.42146703239996	0.2628944694409042	False
sub-10608sp	sharedreward	mb3me3_echo-3_part-mag	15.200846574851312	0.3155808797991275	False
sub-10608sp	sharedreward	mb3me4fa50_echo-1_part-mag	33.43924153369153	0.2797421304845311	False
sub-10608sp	sharedreward	mb3me3ip0_echo-2_part-mag	30.269976689713076	0.26365704669892703	False
sub-10608sp	sharedreward	mb3me4_echo-1_part-mag	24.150524456519634	0.2628944694409042	False
sub-10608sp	sharedreward	mb3me3_echo-2_part-mag	21.588001599884592	0.3155808797991275	False
sub-10608sp	sharedreward	mb3me3ip0_echo-3_part-mag	16.397023328579962	0.26365704669892703	False
sub-10608sp	sharedreward	mb2me4_echo-1_part-mag	44.302588114282116	0.2501154279430014	False
sub-10608sp	sharedreward	mb3me1fa50	30.071571511449292	0.35150641400566457	False
sub-10608sp	sharedreward	mb3me4fa50_echo-2_part-mag	25.356864608824253	0.2797421304845311	False
sub-10608sp	sharedreward	mb2me4_echo-4_part-mag	15.277469808235765	0.2501154279430014	False
sub-10608sp	sharedreward	mb3me4_echo-3_part-mag	14.402782007469796	0.2628944694409042	False
sub-10608sp	sharedreward	mb3me3ip0_echo-1_part-mag	54.11959956306964	0.26365704669892703	False
sub-10608sp	sharedreward	mb2me4_echo-3_part-mag	21.755671937949955	0.2501154279430014	False
sub-10608sp	sharedreward	mb3me4_echo-4_part-mag	10.380951180355623	0.2628944694409042	False
sub-10716	sharedreward	mb3me4_echo-2_part-mag	12.896133158938028	0.5790431357961219	True
sub-10716	sharedreward	mb1me4_echo-2_part-mag	17.466376251541078	0.6124688786603287	True
sub-10716	sharedreward	mb1me4_echo-4_part-mag	8.709340908098966	0.6124688786603287	True
sub-10716	sharedreward	mb1me4_echo-3_part-mag	12.300608984543942	0.6124688786603287	True
sub-10716	sharedreward	mb3me4_echo-1_part-mag	17.59764099784661	0.5790431357961219	True
sub-10716	sharedreward	mb3me1	19.40511002438143	0.4014940569973213	False
sub-10716	sharedreward	mb3me4_echo-4_part-mag	6.740344485879177	0.5790431357961219	True
sub-10716	sharedreward	mb1me1	18.966265856986865	0.5601173647852299	True
sub-10716	sharedreward	mb1me4_echo-1_part-mag	25.363362156203948	0.6124688786603287	True
sub-10716	sharedreward	mb6me1	15.782762356393505	0.33043584577369567	False
sub-10716	sharedreward	mb3me4_echo-3_part-mag	9.369847336784005	0.5790431357961219	True
sub-10363	sharedreward	mb1me4_echo-3_part-mag	18.76212856185157	0.08187045649716605	False
sub-10363	sharedreward	mb3me4_echo-1_part-mag	27.65234150364995	0.12754214889701093	False
sub-10363	sharedreward	mb1me4_echo-4_part-mag	13.211210377514362	0.08187045649716605	False
sub-10363	sharedreward	mb6me4_echo-2_part-mag	12.658403796027415	0.08959510458983062	False
sub-10363	sharedreward	mb1me4_echo-1_part-mag	37.37125834857579	0.08187045649716605	False
sub-10363	sharedreward	mb3me4_echo-3_part-mag	15.847570318146609	0.12754214889701093	False
sub-10363	sharedreward	mb3me4_echo-4_part-mag	11.46917819045484	0.12754214889701093	False
sub-10363	sharedreward	mb6me4_echo-1_part-mag	15.960100811207667	0.08959510458983062	False
sub-10363	sharedreward	mb3me4_echo-2_part-mag	21.465961012756452	0.12754214889701093	False
sub-10363	sharedreward	mb1me1	33.90532309538685	0.11868780185973946	False
sub-10363	sharedreward	mb6me4_echo-3_part-mag	9.724177807220258	0.08959510458983062	False
sub-10363	sharedreward	mb3me1	29.86306006636005	0.15526519462151633	False
sub-10363	sharedreward	mb6me4_echo-4_part-mag	7.4207567629928235	0.08959510458983062	False
sub-10363	sharedreward	mb1me4_echo-2_part-mag	26.418367384001613	0.08187045649716605	False
sub-10363	sharedreward	mb6me1	25.06389703368768	0.09900738180006849	False
sub-10017	sharedreward	mb3me1	34.688584089744836	0.11951228259124183	False
sub-10017	sharedreward	mb6me4_echo-4_part-mag	12.236796670476906	0.08737169831251658	False
sub-10017	sharedreward	mb1me4_echo-2_part-mag	35.33985380886588	0.06580859166144744	False
sub-10017	sharedreward	mb1me1	34.9423455913784	0.10422347401255264	False
sub-10017	sharedreward	mb6me1	30.29880899237469	0.1135909527310409	False
sub-10017	sharedreward	mb6me4_echo-3_part-mag	16.857762882485986	0.08737169831251658	False
sub-10017	sharedreward	mb3me4_echo-2_part-mag	29.47615884040715	0.09396797656322749	False
sub-10017	sharedreward	mb6me4_echo-1_part-mag	30.044213798828423	0.08737169831251658	False
sub-10017	sharedreward	mb3me4_echo-4_part-mag	15.163102196180262	0.09396797656322749	False
sub-10017	sharedreward	mb3me4_echo-3_part-mag	21.25058695790358	0.09396797656322749	False
sub-10017	sharedreward	mb1me4_echo-1_part-mag	49.96265151305124	0.06580859166144744	False
sub-10017	sharedreward	mb1me4_echo-4_part-mag	17.87683814764023	0.06580859166144744	False
sub-10017	sharedreward	mb6me4_echo-2_part-mag	22.703799209091812	0.08737169831251658	False
sub-10017	sharedreward	mb3me4_echo-1_part-mag	41.06191872758791	0.09396797656322749	False
sub-10017	sharedreward	mb1me4_echo-3_part-mag	25.255686583463103	0.06580859166144744	False
sub-10041	sharedreward	mb1me1	29.62111402885057	0.1251819645624167	False
sub-10041	sharedreward	mb3me1	24.276958804694004	0.27722897240481076	False
sub-10041	sharedreward	mb6me1	19.638275670353323	0.19574197982059258	False
sub-10640sp	sharedreward	mb3me1fa50	43.64368485985324	0.15100440849154592	False
sub-12042	sharedreward	mb6me4_echo-1_part-mag	17.891718032187782	0.1002397292395644	False
sub-12042	sharedreward	mb3me4_echo-2_part-mag	24.221447529271245	0.10358404092743835	False
sub-12042	sharedreward	mb6me4_echo-3_part-mag	12.251593251829036	0.1002397292395644	False
sub-12042	sharedreward	mb1me4_echo-2_part-mag	30.132785769877955	0.09105204669639165	False
sub-12042	sharedreward	mb6me4_echo-4_part-mag	9.394423188641667	0.1002397292395644	False
sub-12042	sharedreward	mb1me4_echo-3_part-mag	21.62726583145559	0.09105204669639165	False
sub-12042	sharedreward	mb6me1	26.944390301243402	0.12049005522366948	False
sub-12042	sharedreward	mb3me4_echo-1_part-mag	30.680499079520814	0.10358404092743835	False
sub-12042	sharedreward	mb6me4_echo-2_part-mag	15.472359123639762	0.1002397292395644	False
sub-12042	sharedreward	mb3me1	30.33519864664413	0.174906174196617	False
sub-12042	sharedreward	mb1me4_echo-4_part-mag	15.385957605903968	0.09105204669639165	False
sub-12042	sharedreward	mb1me1	31.967584795318544	0.14309973860178718	False
sub-12042	sharedreward	mb1me4_echo-1_part-mag	42.164735682308674	0.09105204669639165	False
sub-12042	sharedreward	mb3me4_echo-3_part-mag	18.156054078717716	0.10358404092743835	False
sub-12042	sharedreward	mb3me4_echo-4_part-mag	13.251208129804581	0.10358404092743835	False
sub-10142	sharedreward	mb6me4_echo-4_part-mag	9.339384724735282	0.10287608077871123	False
sub-10142	sharedreward	mb1me4_echo-2_part-mag	29.539011131040752	0.11582488003839653	False
sub-10142	sharedreward	mb6me4_echo-3_part-mag	13.237159072305076	0.10287608077871123	False
sub-10142	sharedreward	mb3me4_echo-2_part-mag	27.304150976473466	0.12068458635765363	False
sub-10142	sharedreward	mb6me1	30.571257014758885	0.1215244025385784	False
sub-10142	sharedreward	mb1me1	17.95386351388879	0.27573965842520326	False
sub-10142	sharedreward	mb3me1	29.654629194177687	0.17481426594624683	False
sub-10142	sharedreward	mb6me4_echo-1_part-mag	24.33212678192649	0.10287608077871123	False
sub-10142	sharedreward	mb3me4_echo-4_part-mag	13.525449655600823	0.12068458635765363	False
sub-10142	sharedreward	mb3me4_echo-3_part-mag	19.402338519576006	0.12068458635765363	False
sub-10142	sharedreward	mb1me4_echo-1_part-mag	42.432662959676236	0.11582488003839653	False
sub-10142	sharedreward	mb1me4_echo-4_part-mag	14.425062988651916	0.11582488003839653	False
sub-10142	sharedreward	mb6me4_echo-2_part-mag	18.161235365085304	0.10287608077871123	False
sub-10142	sharedreward	mb3me4_echo-1_part-mag	38.333017543307506	0.12068458635765363	False
sub-10142	sharedreward	mb1me4_echo-3_part-mag	20.69270018627867	0.11582488003839653	False
sub-10080	sharedreward	mb1me4_echo-4_part-mag	11.14368055597879	0.09118308810692756	False
sub-10080	sharedreward	mb6me4_echo-2_part-mag	14.822419818257913	0.19042827315862534	False
sub-10080	sharedreward	mb3me4_echo-1_part-mag	26.37100873561576	0.1470285045198627	False
sub-10080	sharedreward	mb1me4_echo-3_part-mag	15.9183835668955	0.09118308810692756	False
sub-10080	sharedreward	mb3me4_echo-4_part-mag	9.700225277105346	0.1470285045198627	False
sub-10080	sharedreward	mb6me1	23.071042941883206	0.17835090799603018	False
sub-10080	sharedreward	mb3me1	23.36911116191186	0.2187073530914654	False
sub-10080	sharedreward	mb3me4_echo-3_part-mag	13.673543868935667	0.1470285045198627	False
sub-10080	sharedreward	mb1me1	20.9531058347784	0.19053265180876555	False
sub-10080	sharedreward	mb1me4_echo-1_part-mag	32.596702130977064	0.09118308810692756	False
sub-10080	sharedreward	mb3me4_echo-2_part-mag	18.975822592154145	0.1470285045198627	False
sub-10080	sharedreward	mb6me4_echo-1_part-mag	20.254436302231625	0.19042827315862534	False
sub-10080	sharedreward	mb6me4_echo-4_part-mag	7.751669155550189	0.19042827315862534	False
sub-10080	sharedreward	mb1me4_echo-2_part-mag	22.59894446283579	0.09118308810692756	False
sub-10080	sharedreward	mb6me4_echo-3_part-mag	10.822347307344899	0.19042827315862534	False
sub-10590sp	sharedreward	mb2me4_echo-2_part-mag	37.19201035797596	0.16947147683794414	False
sub-10590sp	sharedreward	mb3me3ip0_echo-1_part-mag	42.90679657808505	0.3004878527730942	False
sub-10590sp	sharedreward	mb3me3_echo-1_part-mag	36.48381888947915	0.15058242079899595	False
sub-10590sp	sharedreward	mb3me4_echo-2_part-mag	14.64822561130859	0.24069260369262124	False
sub-10590sp	sharedreward	mb3me3ip0_echo-3_part-mag	10.932479610666633	0.3004878527730942	False
sub-10590sp	sharedreward	mb3me4fa50_echo-2_part-mag	30.657249740790576	0.11579507000418313	False
sub-10590sp	sharedreward	mb3me1fa50	29.42176437866874	0.23466422255046532	False
sub-10590sp	sharedreward	mb3me3_echo-3_part-mag	19.667131394846365	0.15058242079899595	False
sub-10590sp	sharedreward	mb3me4fa50_echo-3_part-mag	22.300304565462284	0.11579507000418313	False
sub-10590sp	sharedreward	mb3me4_echo-1_part-mag	19.393050715327263	0.24069260369262124	False
sub-10590sp	sharedreward	mb3me3_echo-2_part-mag	27.48188424250111	0.15058242079899595	False
sub-10590sp	sharedreward	mb3me4fa50_echo-4_part-mag	15.785331322113052	0.11579507000418313	False
sub-10590sp	sharedreward	mb3me3ip0_echo-2_part-mag	20.72142699547112	0.3004878527730942	False
sub-10590sp	sharedreward	mb2me4_echo-1_part-mag	54.559743808116764	0.16947147683794414	False
sub-10590sp	sharedreward	mb3me4fa50_echo-1_part-mag	39.73436212912202	0.11579507000418313	False
sub-10590sp	sharedreward	mb2me4_echo-4_part-mag	17.71400356851518	0.16947147683794414	False
sub-10590sp	sharedreward	mb3me4_echo-3_part-mag	10.63460637931712	0.24069260369262124	False
sub-10590sp	sharedreward	mb2me4_echo-3_part-mag	25.532241605222225	0.16947147683794414	False
sub-10590sp	sharedreward	mb3me4_echo-4_part-mag	7.615475035971031	0.24069260369262124	False
sub-10741sp	sharedreward	mb3me4_echo-3_part-mag	10.486704722978175	0.20769072888199916	False
sub-10741sp	sharedreward	mb2me4_echo-4_part-mag	7.492247511225287	0.4313372284092598	True
sub-10741sp	sharedreward	mb3me4fa50_echo-4_part-mag	14.213171621435322	0.16604202947302477	False
sub-10741sp	sharedreward	mb3me4fa50_echo-3_part-mag	20.344856023904867	0.16604202947302477	False
sub-10741sp	sharedreward	mb3me4_echo-4_part-mag	7.517442675860366	0.20769072888199916	False
sub-10741sp	sharedreward	mb2me4_echo-3_part-mag	10.752769770333543	0.4313372284092598	True
sub-10741sp	sharedreward	mb3me3_echo-2_part-mag	29.710880436585285	0.14022394151339335	False
sub-10741sp	sharedreward	mb3me4_echo-1_part-mag	18.770322568772826	0.20769072888199916	False
sub-10741sp	sharedreward	mb3me4fa50_echo-1_part-mag	36.27497681987006	0.16604202947302477	False
sub-10741sp	sharedreward	mb2me4_echo-1_part-mag	23.657412672415376	0.4313372284092598	True
sub-10741sp	sharedreward	mb3me3ip0_echo-2_part-mag	32.34978155588033	0.19578005507683116	False
sub-10741sp	sharedreward	mb3me1fa50	20.802572416723706	0.4866292183724412	True
sub-10741sp	sharedreward	mb3me3ip0_echo-3_part-mag	16.926881688530557	0.19578005507683116	False
sub-10741sp	sharedreward	mb3me3_echo-3_part-mag	21.760331143217627	0.14022394151339335	False
sub-10741sp	sharedreward	mb2me4_echo-2_part-mag	15.68536807782948	0.4313372284092598	True
sub-10741sp	sharedreward	mb3me4fa50_echo-2_part-mag	27.9306813335279	0.16604202947302477	False
sub-10741sp	sharedreward	mb3me3ip0_echo-1_part-mag	59.79428871686105	0.19578005507683116	False
sub-10741sp	sharedreward	mb3me4_echo-2_part-mag	14.339891072799219	0.20769072888199916	False
sub-10741sp	sharedreward	mb3me3_echo-1_part-mag	37.99354672944173	0.14022394151339335	False
sub-10069	sharedreward	mb3me4_echo-4_part-mag	10.533007262274623	0.2476172826090157	False
sub-10069	sharedreward	mb3me4_echo-3_part-mag	14.675586819066666	0.2476172826090157	False
sub-10069	sharedreward	mb1me4_echo-1_part-mag	39.841607021400705	0.36022073936367405	False
sub-10069	sharedreward	mb1me1	36.88924332847819	0.15511884644347967	False
sub-10069	sharedreward	mb3me1	31.486624173587188	0.14271392753156953	False
sub-10069	sharedreward	mb6me4_echo-2_part-mag	20.068836353952065	0.15854192304632383	False
sub-10069	sharedreward	mb1me4_echo-4_part-mag	14.351200396195054	0.36022073936367405	False
sub-10069	sharedreward	mb3me4_echo-1_part-mag	29.002239728579298	0.2476172826090157	False
sub-10069	sharedreward	mb6me1	30.86285315430723	0.10427244173203187	False
sub-10069	sharedreward	mb1me4_echo-3_part-mag	20.106314187287353	0.36022073936367405	False
sub-10069	sharedreward	mb1me4_echo-2_part-mag	28.090782891958952	0.36022073936367405	False
sub-10069	sharedreward	mb6me4_echo-4_part-mag	10.487888039730024	0.15854192304632383	False
sub-10069	sharedreward	mb6me4_echo-3_part-mag	14.734709404176101	0.15854192304632383	False
sub-10069	sharedreward	mb3me4_echo-2_part-mag	20.555990072898567	0.2476172826090157	False
sub-10069	sharedreward	mb6me4_echo-1_part-mag	27.01324126473628	0.15854192304632383	False
sub-10723sp	sharedreward	mb2me4_echo-2_part-mag	18.776138231973164	0.2009969442378043	False
sub-10723sp	sharedreward	mb3me4_echo-2_part-mag	16.52859028056264	0.17400416558717138	False
sub-10723sp	sharedreward	mb3me3_echo-1_part-mag	26.103616046486422	0.29670762824525915	False
sub-10723sp	sharedreward	mb3me4fa50_echo-1_part-mag	35.339024467393756	0.14131820569338202	False
sub-10723sp	sharedreward	mb3me3ip0_echo-3_part-mag	10.668593507725745	0.20421352015910407	False
sub-10723sp	sharedreward	mb3me4fa50_echo-4_part-mag	14.071212613489479	0.14131820569338202	False
sub-10723sp	sharedreward	mb3me3_echo-3_part-mag	12.695922881306615	0.29670762824525915	False
sub-10723sp	sharedreward	mb3me4fa50_echo-3_part-mag	19.633077308302745	0.14131820569338202	False
sub-10723sp	sharedreward	mb3me3ip0_echo-1_part-mag	39.135235584690236	0.20421352015910407	False
sub-10723sp	sharedreward	mb3me3_echo-2_part-mag	18.00490163406357	0.29670762824525915	False
sub-10723sp	sharedreward	mb3me4fa50_echo-2_part-mag	26.788967072730884	0.14131820569338202	False
sub-10723sp	sharedreward	mb3me4_echo-1_part-mag	21.334310602745973	0.17400416558717138	False
sub-10723sp	sharedreward	mb2me4_echo-1_part-mag	29.347637641592883	0.2009969442378043	False
sub-10723sp	sharedreward	mb3me1fa50	28.477175977779552	0.26613957783013936	False
sub-10723sp	sharedreward	mb3me4_echo-3_part-mag	12.196428901515901	0.17400416558717138	False
sub-10723sp	sharedreward	mb2me4_echo-4_part-mag	9.255505154433195	0.2009969442378043	False
sub-10723sp	sharedreward	mb3me3ip0_echo-2_part-mag	19.670044005382806	0.20421352015910407	False
sub-10723sp	sharedreward	mb3me4_echo-4_part-mag	8.815114574041218	0.17400416558717138	False
sub-10723sp	sharedreward	mb2me4_echo-3_part-mag	12.98701941256877	0.2009969442378043	False
sub-10659sp	sharedreward	mb2me4_echo-3_part-mag	15.851509163971059	0.35554355308305585	False
sub-10659sp	sharedreward	mb2me4_echo-4_part-mag	11.01848360337317	0.35554355308305585	False
sub-10659sp	sharedreward	mb3me4fa50_echo-2_part-mag	25.238614457601216	0.4017116846168931	False
sub-10659sp	sharedreward	mb2me4_echo-1_part-mag	35.6468980461359	0.35554355308305585	False
sub-10659sp	sharedreward	mb3me3_echo-2_part-mag	19.626920325681567	0.5836216181389534	True
sub-10659sp	sharedreward	mb3me1fa50	29.31252376176417	0.45543660946926867	True
sub-10659sp	sharedreward	mb3me4fa50_echo-4_part-mag	12.238344925979618	0.4017116846168931	False
sub-10659sp	sharedreward	mb3me3_echo-3_part-mag	13.468023502500728	0.5836216181389534	True
sub-10659sp	sharedreward	mb3me4fa50_echo-3_part-mag	17.639878459158354	0.4017116846168931	False
sub-10659sp	sharedreward	mb3me3_echo-1_part-mag	28.58708041300997	0.5836216181389534	True
sub-10659sp	sharedreward	mb3me4fa50_echo-1_part-mag	34.57409195671789	0.4017116846168931	False
sub-10659sp	sharedreward	mb2me4_echo-2_part-mag	23.331406081561	0.35554355308305585	False
sub-10094	sharedreward	mb3me1	12.403666947153397	0.7671092085218273	True
sub-10094	sharedreward	mb6me4_echo-1_part-mag	22.159885958069935	0.4202637758209726	True
sub-10094	sharedreward	mb1me1	13.445654564537108	1.0095733093619406	True
sub-10094	sharedreward	mb3me4_echo-2_part-mag	18.11315208231099	0.459042112506467	True
sub-10094	sharedreward	mb6me1	21.478563316632062	0.3224240456027916	False
sub-10094	sharedreward	mb6me4_echo-3_part-mag	11.610157730989158	0.4202637758209726	True
sub-10094	sharedreward	mb1me4_echo-2_part-mag	23.251216135919094	0.337234441140893	False
sub-10094	sharedreward	mb6me4_echo-4_part-mag	8.082913070451468	0.4202637758209726	True
sub-10094	sharedreward	mb3me4_echo-1_part-mag	26.197802564129233	0.459042112506467	True
sub-10094	sharedreward	mb1me4_echo-3_part-mag	16.031650224351324	0.337234441140893	False
sub-10094	sharedreward	mb6me4_echo-2_part-mag	16.32405547250528	0.4202637758209726	True
sub-10094	sharedreward	mb1me4_echo-4_part-mag	11.057608774513938	0.337234441140893	False
sub-10094	sharedreward	mb3me4_echo-3_part-mag	12.584252182510681	0.459042112506467	True
sub-10094	sharedreward	mb1me4_echo-1_part-mag	34.20959069975652	0.337234441140893	False
sub-10094	sharedreward	mb3me4_echo-4_part-mag	8.747739115089644	0.459042112506467	True
sub-10203	sharedreward	mb1me4_echo-3_part-mag	19.02485093101859	0.08069280716084631	False
sub-10203	sharedreward	mb3me4_echo-1_part-mag	28.172829116578214	0.08067891062375979	False
sub-10203	sharedreward	mb6me4_echo-2_part-mag	12.691274696728215	0.08447269759057277	False
sub-10203	sharedreward	mb1me4_echo-4_part-mag	13.132870497414842	0.08069280716084631	False
sub-10203	sharedreward	mb1me4_echo-1_part-mag	38.21555633691605	0.08069280716084631	False
sub-10203	sharedreward	mb3me4_echo-3_part-mag	17.03870773036033	0.08067891062375979	False
sub-10203	sharedreward	mb3me4_echo-4_part-mag	12.10279852815438	0.08067891062375979	False
sub-10203	sharedreward	mb3me1	28.882351125124842	0.09315406583916547	False
sub-10203	sharedreward	mb6me4_echo-1_part-mag	14.435427443124354	0.08447269759057277	False
sub-10203	sharedreward	mb1me1	30.80279599968344	0.08229559352016216	False
sub-10203	sharedreward	mb6me1	25.538043693406507	0.0768137941848052	False
sub-10203	sharedreward	mb3me4_echo-2_part-mag	22.685960988746956	0.08067891062375979	False
sub-10203	sharedreward	mb6me4_echo-3_part-mag	10.104685701371636	0.08447269759057277	False
sub-10203	sharedreward	mb1me4_echo-2_part-mag	27.0191919230856	0.08069280716084631	False
sub-10203	sharedreward	mb6me4_echo-4_part-mag	7.494849054783117	0.08447269759057277	False
